MEMORY
  total           14541 KB
  struct            159 KB
  buffer             46 KB
  arena           14336 KB, used 0.5%

SIZES
  narena                14680064
  nbuffer               46864
  nplugin               0
  maxuse_stack          8712
  maxuse_arena          71608
  maxuse_con            16
  maxuse_efc            64
  ncon                  16
  ne                    0
  nf                    0
  nl                    0
  nefc                  64
  nJ                    1472
  nA                    0
  nisland               1
  nidof                 23
  ntree_awake           1
  nbody_awake           19
  nparent_awake         18
  nv_awake              23
  flg_energypos         0
  flg_energyvel         0
  flg_subtreevel        0
  flg_rnepost           0
  threadpool            0

TIMER
    0:  duration =  0.033      number = 1
    1:  duration =  0.031      number = 1
    2:  duration =  0          number = 0
    3:  duration =  0.019      number = 1
    4:  duration =  0.0018     number = 1
    5:  duration =  0.00041    number = 1
    6:  duration =  0.0091     number = 1
    7:  duration =  0.0011     number = 1
    8:  duration =  0.0035     number = 1
    9:  duration =  0.0017     number = 1
    10:  duration =  0.0067     number = 1
    11:  duration =  0.0065     number = 1
    12:  duration =  6.2e-05    number = 1
    13:  duration =  0.0026     number = 1
    14:  duration =  0.004      number = 1

SOLVER STAT
  solver_fwdinv =   0         0       
  ISLAND 0
    solver_niter = 1
    solver_nnz = 529
      0:  improvement =  0           gradient =  1e-15       lineslope =  0       
          nactive = 64   nchange = 0   neval = 2   nupdate = 0

ENERGY =   0         0       

TIME =  74      

QPOS
  -0.1     
   0.00013 
   0.09    
   1       
  -4.9e-10 
  -1.1e-05 
  -4.2e-05 
  -1.6     
   1.6     
   2       
   0.21    
  -1.6     
   1.6     
   1.9     
   0.27    
  -3.1e-17 
  -1.6     
   1.6     
   2.5     
   0.47    
  -1.6     
   1.6     
   2.6     
   0.56    

QVEL
   5.5e-17 
   1.4e-16 
   9e-16   
  -3.4e-16 
   1.2e-16 
   2.9e-16 
   1.7e-14 
  -1.7e-14 
   1.2e-15 
   1.3e-15 
   1.8e-14 
  -1.8e-14 
   2.5e-15 
   2.5e-15 
  -4.3e-15 
   2.9e-14 
   2.8e-14 
  -4.8e-14 
  -4.9e-14 
  -1e-14   
  -1.4e-14 
   2.4e-14 
   2.5e-14 

QACC_WARMSTART
  -1.2e-14 
  -9.8e-15 
   4e-15   
   1.5e-14 
  -1.3e-13 
  -2.4e-14 
   6.7e-14 
   4.3e-14 
  -4e-14   
  -4.1e-14 
   5.6e-14 
   1.9e-14 
  -9.7e-14 
  -9.1e-14 
   3.7e-13 
  -7.2e-13 
   1.9e-12 
  -1.6e-12 
  -1.6e-12 
  -1.3e-12 
   1.8e-12 
  -5.9e-13 
  -6.2e-13 

CTRL
   0       
   0       
   0       
   0       
   0       
   0       
   0       
   0       
   0       
   0       
   0       
   0       
   0       
   0       
   0       
   0       

QFRC_APPLIED
   0       
   0       
   0       
   0       
   0       
   0       
   0       
   0       
   0       
   0       
   0       
   0       
   0       
   0       
   0       
   0       
   0       
   0       
   0       
   0       
   0       
   0       
   0       

XFRC_APPLIED
   0         0         0         0         0         0       
   0         0         0         0         0         0       
   0         0         0         0         0         0       
   0         0         0         0         0         0       
   0         0         0         0         0         0       
   0         0         0         0         0         0       
   0         0         0         0         0         0       
   0         0         0         0         0         0       
   0         0         0         0         0         0       
   0         0         0         0         0         0       
   0         0         0         0         0         0       
   0         0         0         0         0         0       
   0         0         0         0         0         0       
   0         0         0         0         0         0       
   0         0         0         0         0         0       
   0         0         0         0         0         0       
   0         0         0         0         0         0       
   0         0         0         0         0         0       
   0         0         0         0         0         0       

QACC
  -1.2e-14 
  -9.8e-15 
   4e-15   
   1.5e-14 
  -1.3e-13 
  -2.4e-14 
   6.7e-14 
   4.3e-14 
  -4e-14   
  -4.1e-14 
   5.6e-14 
   1.9e-14 
  -9.7e-14 
  -9.1e-14 
   3.7e-13 
  -7.2e-13 
   1.9e-12 
  -1.6e-12 
  -1.6e-12 
  -1.3e-12 
   1.8e-12 
  -5.9e-13 
  -6.2e-13 

TREE_ASLEEP
  -11

XPOS
   0         0         0       
  -0.1       0.00013   0.09    
  -0.21      0.11      0.09    
  -0.03      0.23      0.1     
   0.078     0.32      0.1     
  -0.14      0.32      0.1     
  -0.21     -0.11      0.09    
  -0.03     -0.23      0.1     
   0.078    -0.32      0.1     
  -0.14     -0.32      0.1     
   0.3       9.8e-05   0.09    
   0.33      0.11      0.09    
   0.51      0.23      0.1     
   0.62      0.32      0.1     
   0.4       0.32      0.1     
   0.33     -0.11      0.09    
   0.51     -0.23      0.1     
   0.62     -0.32      0.1     
   0.4      -0.32      0.1     

XQUAT
   1         0         0         0       
   1        -4.9e-10  -1.1e-05  -4.2e-05 
   0.69     -3.1e-05  -0.73     -2.9e-05 
   1        -4.3e-11  -1e-06    -4.2e-05 
   0.56      3.5e-05   0.83     -2.4e-05 
   0.99      4.4e-06   0.1      -4.2e-05 
   0.69     -3.1e-05  -0.73     -2.9e-05 
   1        -4.3e-11  -1e-06    -4.2e-05 
   0.57      3.5e-05   0.82     -2.4e-05 
   0.99      5.8e-06   0.14     -4.2e-05 
   1        -4.9e-10  -1.1e-05  -4.2e-05 
   0.69     -3.1e-05  -0.73     -2.9e-05 
   1         4.8e-11   1.1e-06  -4.2e-05 
   0.31      4e-05     0.95     -1.3e-05 
   0.97      9.9e-06   0.23     -4.1e-05 
   0.69     -3.1e-05  -0.73     -2.9e-05 
   1         4.8e-11   1.1e-06  -4.2e-05 
   0.26      4.1e-05   0.97     -1.1e-05 
   0.96      1.2e-05   0.28     -4.1e-05 

XMAT
   1         0         0         0         1         0         0         0         1       
   1         8.5e-05  -2.3e-05  -8.5e-05   1         2e-09     2.3e-05   9e-18     1       
  -0.056     8.5e-05  -1         4.7e-06   1         8.5e-05   1         9e-18    -0.056   
   1         8.5e-05  -2e-06    -8.5e-05   1         1.7e-10   2e-06     9e-18     1       
  -0.38      8.5e-05   0.93      3.2e-05   1        -7.9e-05  -0.93      9e-18    -0.38    
   0.98      8.5e-05   0.21     -8.3e-05   1        -1.7e-05  -0.21      9e-18     0.98    
  -0.056     8.5e-05  -1         4.7e-06   1         8.5e-05   1         9e-18    -0.056   
   1         8.5e-05  -2e-06    -8.5e-05   1         1.7e-10   2e-06     9e-18     1       
  -0.34      8.5e-05   0.94      2.9e-05   1        -8e-05    -0.94      9e-18    -0.34    
   0.96      8.5e-05   0.27     -8.2e-05   1        -2.3e-05  -0.27      9.1e-18   0.96    
   1         8.5e-05  -2.3e-05  -8.5e-05   1         2e-09     2.3e-05  -1.4e-17   1       
  -0.056     8.5e-05  -1         4.7e-06   1         8.5e-05   1        -1.4e-17  -0.056   
   1         8.5e-05   2.3e-06  -8.5e-05   1        -1.9e-10  -2.3e-06  -1.4e-17   1       
  -0.81      8.5e-05   0.59      6.9e-05   1        -5e-05    -0.59     -1.4e-17  -0.81    
   0.89      8.5e-05   0.45     -7.6e-05   1        -3.9e-05  -0.45     -1.4e-17   0.89    
  -0.056     8.5e-05  -1         4.7e-06   1         8.5e-05   1        -1.4e-17  -0.056   
   1         8.5e-05   2.3e-06  -8.5e-05   1        -1.9e-10  -2.3e-06  -1.4e-17   1       
  -0.86      8.5e-05   0.5       7.3e-05   1        -4.3e-05  -0.5      -1.4e-17  -0.86    
   0.85      8.5e-05   0.53     -7.2e-05   1        -4.5e-05  -0.53     -1.4e-17   0.85    

XIPOS
   0         0         0       
  -0.1       0.00013   0.09    
  -0.12      0.15      0.095   
  -0.03      0.23      0.1     
   0.078     0.32      0.1     
  -0.14      0.32      0.1     
  -0.12     -0.15      0.095   
  -0.03     -0.23      0.1     
   0.078    -0.32      0.1     
  -0.14     -0.32      0.1     
   0.3       9.8e-05   0.09    
   0.42      0.15      0.095   
   0.51      0.23      0.1     
   0.62      0.32      0.1     
   0.4       0.32      0.1     
   0.42     -0.15      0.095   
   0.51     -0.23      0.1     
   0.62     -0.32      0.1     
   0.4      -0.32      0.1     

XIMAT
   1         0         0         0         1         0         0         0         1       
   1         8.5e-05  -2.3e-05  -8.5e-05   1         2e-09     2.3e-05   9e-18     1       
  -0.056     8.5e-05  -1         4.7e-06   1         8.5e-05   1         9e-18    -0.056   
   2e-06     8.5e-05   1        -1.7e-10   1        -8.5e-05  -1         9e-18     2e-06   
  -0.38      0.93     -8.5e-05   3.2e-05  -7.9e-05  -1        -0.93     -0.38      5.6e-17 
   0.98      0.21     -8.5e-05  -8.3e-05  -1.7e-05  -1        -0.21      0.98     -1.2e-16 
  -0.056     8.5e-05  -1         4.7e-06   1         8.5e-05   1         9e-18    -0.056   
   2e-06     8.5e-05   1        -1.7e-10   1        -8.5e-05  -1         9e-18     2e-06   
  -0.34      0.94     -8.5e-05   2.9e-05  -8e-05    -1        -0.94     -0.34      5.6e-17 
   0.96      0.27     -8.5e-05  -8.2e-05  -2.3e-05  -1        -0.27      0.96     -3.8e-17 
   1         8.5e-05  -2.3e-05  -8.5e-05   1         2e-09     2.3e-05  -1.4e-17   1       
  -0.056     8.5e-05  -1         4.7e-06   1         8.5e-05   1        -1.4e-17  -0.056   
  -2.3e-06   8.5e-05   1         1.9e-10   1        -8.5e-05  -1        -1.4e-17  -2.3e-06 
  -0.81      0.59     -8.5e-05   6.9e-05  -5e-05    -1        -0.59     -0.81      0       
   0.89      0.45     -8.5e-05  -7.6e-05  -3.9e-05  -1        -0.45      0.89      0       
  -0.056     8.5e-05  -1         4.7e-06   1         8.5e-05   1        -1.4e-17  -0.056   
  -2.3e-06   8.5e-05   1         1.9e-10   1        -8.5e-05  -1        -1.4e-17  -2.3e-06 
  -0.86      0.5      -8.5e-05   7.3e-05  -4.3e-05  -1        -0.5      -0.86      1.1e-16 
   0.85      0.53     -8.5e-05  -7.2e-05  -4.5e-05  -1        -0.53      0.85      1.4e-16 

XANCHOR
  -0.1       0.00013   0.09    
  -0.21      0.11      0.09    
  -0.03      0.23      0.1     
   0.078     0.32      0.1     
  -0.14      0.32      0.1     
  -0.21     -0.11      0.09    
  -0.03     -0.23      0.1     
   0.078    -0.32      0.1     
  -0.14     -0.32      0.1     
   0.15      0.00011   0.09    
   0.33      0.11      0.09    
   0.51      0.23      0.1     
   0.62      0.32      0.1     
   0.4       0.32      0.1     
   0.33     -0.11      0.09    
   0.51     -0.23      0.1     
   0.62     -0.32      0.1     
   0.4      -0.32      0.1     

XAXIS
   0         0         1       
   8.5e-05   1         9e-18   
   8.5e-05   1         9e-18   
   8.5e-05   1         9e-18   
   8.5e-05   1         9e-18   
   8.5e-05   1         9e-18   
   8.5e-05   1         9e-18   
   8.5e-05   1         9e-18   
   8.5e-05   1         9e-18   
   1        -8.5e-05   2.3e-05 
   8.5e-05   1        -1.4e-17 
   8.5e-05   1        -1.4e-17 
   8.5e-05   1        -1.4e-17 
   8.5e-05   1        -1.4e-17 
   8.5e-05   1        -1.4e-17 
   8.5e-05   1        -1.4e-17 
   8.5e-05   1        -1.4e-17 
   8.5e-05   1        -1.4e-17 

GEOM_XPOS
   0         0         0       
  -0.1       0.00013   0.09    
  -0.12      0.15      0.095   
  -0.03      0.23      0.1     
   0.078     0.32      0.1     
  -0.14      0.32      0.1     
  -0.12     -0.15      0.095   
  -0.03     -0.23      0.1     
   0.078    -0.32      0.1     
  -0.14     -0.32      0.1     
   0.3       9.8e-05   0.09    
   0.42      0.15      0.095   
   0.51      0.23      0.1     
   0.62      0.32      0.1     
   0.4       0.32      0.1     
   0.42     -0.15      0.095   
   0.51     -0.23      0.1     
   0.62     -0.32      0.1     
   0.4      -0.32      0.1     

GEOM_XMAT
   1         0         0         0         1         0         0         0         1       
   1         8.5e-05  -2.3e-05  -8.5e-05   1         2e-09     2.3e-05   9e-18     1       
  -0.056     8.5e-05  -1         4.7e-06   1         8.5e-05   1         9e-18    -0.056   
   2e-06     8.5e-05   1        -1.7e-10   1        -8.5e-05  -1         9e-18     2e-06   
  -0.38      0.93     -8.5e-05   3.2e-05  -7.9e-05  -1        -0.93     -0.38      5.6e-17 
   0.98      0.21     -8.5e-05  -8.3e-05  -1.7e-05  -1        -0.21      0.98     -1.2e-16 
  -0.056     8.5e-05  -1         4.7e-06   1         8.5e-05   1         9e-18    -0.056   
   2e-06     8.5e-05   1        -1.7e-10   1        -8.5e-05  -1         9e-18     2e-06   
  -0.34      0.94     -8.5e-05   2.9e-05  -8e-05    -1        -0.94     -0.34      5.6e-17 
   0.96      0.27     -8.5e-05  -8.2e-05  -2.3e-05  -1        -0.27      0.96     -3.8e-17 
   1         8.5e-05  -2.3e-05  -8.5e-05   1         2e-09     2.3e-05  -1.4e-17   1       
  -0.056     8.5e-05  -1         4.7e-06   1         8.5e-05   1        -1.4e-17  -0.056   
  -2.3e-06   8.5e-05   1         1.9e-10   1        -8.5e-05  -1        -1.4e-17  -2.3e-06 
  -0.81      0.59     -8.5e-05   6.9e-05  -5e-05    -1        -0.59     -0.81      0       
   0.89      0.45     -8.5e-05  -7.6e-05  -3.9e-05  -1        -0.45      0.89      0       
  -0.056     8.5e-05  -1         4.7e-06   1         8.5e-05   1        -1.4e-17  -0.056   
  -2.3e-06   8.5e-05   1         1.9e-10   1        -8.5e-05  -1        -1.4e-17  -2.3e-06 
  -0.86      0.5      -8.5e-05   7.3e-05  -4.3e-05  -1        -0.5      -0.86      1.1e-16 
   0.85      0.53     -8.5e-05  -7.2e-05  -4.5e-05  -1        -0.53      0.85      1.4e-16 

SITE_XPOS
  -0.21      0.11      0.09    
  -0.03      0.23      0.1     
   0.078     0.32      0.1     
  -0.14      0.32      0.1     
  -0.21     -0.11      0.09    
  -0.03     -0.23      0.1     
   0.078    -0.32      0.1     
  -0.14     -0.32      0.1     
   0.33      0.11      0.09    
   0.51      0.23      0.1     
   0.62      0.32      0.1     
   0.4       0.32      0.1     
   0.33     -0.11      0.09    
   0.51     -0.23      0.1     
   0.62     -0.32      0.1     
   0.4      -0.32      0.1     

SITE_XMAT
  -0.056     8.5e-05  -1         4.7e-06   1         8.5e-05   1         9e-18    -0.056   
   1         8.5e-05  -2e-06    -8.5e-05   1         1.7e-10   2e-06     9e-18     1       
  -0.38      8.5e-05   0.93      3.2e-05   1        -7.9e-05  -0.93      9e-18    -0.38    
   0.98      8.5e-05   0.21     -8.3e-05   1        -1.7e-05  -0.21      9e-18     0.98    
  -0.056     8.5e-05  -1         4.7e-06   1         8.5e-05   1         9e-18    -0.056   
   1         8.5e-05  -2e-06    -8.5e-05   1         1.7e-10   2e-06     9e-18     1       
  -0.34      8.5e-05   0.94      2.9e-05   1        -8e-05    -0.94      9e-18    -0.34    
   0.96      8.5e-05   0.27     -8.2e-05   1        -2.3e-05  -0.27      9.1e-18   0.96    
  -0.056     8.5e-05  -1         4.7e-06   1         8.5e-05   1        -1.4e-17  -0.056   
   1         8.5e-05   2.3e-06  -8.5e-05   1        -1.9e-10  -2.3e-06  -1.4e-17   1       
  -0.81      8.5e-05   0.59      6.9e-05   1        -5e-05    -0.59     -1.4e-17  -0.81    
   0.89      8.5e-05   0.45     -7.6e-05   1        -3.9e-05  -0.45     -1.4e-17   0.89    
  -0.056     8.5e-05  -1         4.7e-06   1         8.5e-05   1        -1.4e-17  -0.056   
   1         8.5e-05   2.3e-06  -8.5e-05   1        -1.9e-10  -2.3e-06  -1.4e-17   1       
  -0.86      8.5e-05   0.5       7.3e-05   1        -4.3e-05  -0.5      -1.4e-17  -0.86    
   0.85      8.5e-05   0.53     -7.2e-05   1        -4.5e-05  -0.53     -1.4e-17   0.85    

LIGHT_XPOS
   0         0         50      
   0         3         50      
   0         6         50      
   0         9         50      
   0         12        50      
   0         15        50      
   0         18        50      
   0         21        50      
   0         24        50      
   0         27        50      
   0         30        50      
   0         33        50      
   0         36        50      
   0         39        50      
   0         42        50      
   3         0         50      
   3         3         50      
   3         6         50      
   3         9         50      
   3         12        50      
   3         15        50      
   3         18        50      
   3         21        50      
   3         24        50      
   3         27        50      
   3         30        50      
   3         33        50      
   3         36        50      
   3         39        50      
   3         42        50      
   6         0         50      
   6         3         50      
   6         6         50      
   6         9         50      
   6         12        50      
   6         15        50      
   6         18        50      
   6         21        50      
   6         24        50      
   6         27        50      
   6         30        50      
   6         33        50      
   6         36        50      
   6         39        50      
   6         42        50      
   9         0         50      
   9         3         50      
   9         6         50      
   9         9         50      
   9         12        50      
   9         15        50      
   9         18        50      
   9         21        50      
   9         24        50      
   9         27        50      
   9         30        50      
   9         33        50      
   9         36        50      
   9         39        50      
   9         42        50      
   12        0         50      
   12        3         50      
   12        6         50      
   12        9         50      
   12        12        50      
   12        15        50      
   12        18        50      
   12        21        50      
   12        24        50      
   12        27        50      
   12        30        50      
   12        33        50      
   12        36        50      
   12        39        50      
   12        42        50      
   15        0         50      
   15        3         50      
   15        6         50      
   15        9         50      
   15        12        50      
   15        15        50      
   15        18        50      
   15        21        50      
   15        24        50      
   15        27        50      
   15        30        50      
   15        33        50      
   15        36        50      
   15        39        50      
   15        42        50      
   18        0         50      
   18        3         50      
   18        6         50      
   18        9         50      
   18        12        50      
   18        15        50      
   18        18        50      
   18        21        50      
   18        24        50      
   18        27        50      
   18        30        50      
   18        33        50      
   18        36        50      
   18        39        50      
   18        42        50      
   21        0         50      
   21        3         50      
   21        6         50      
   21        9         50      
   21        12        50      
   21        15        50      
   21        18        50      
   21        21        50      
   21        24        50      
   21        27        50      
   21        30        50      
   21        33        50      
   21        36        50      
   21        39        50      
   21        42        50      
   24        0         50      
   24        3         50      
   24        6         50      
   24        9         50      
   24        12        50      
   24        15        50      
   24        18        50      
   24        21        50      
   24        24        50      
   24        27        50      
   24        30        50      
   24        33        50      
   24        36        50      
   24        39        50      
   24        42        50      
   27        0         50      
   27        3         50      
   27        6         50      
   27        9         50      
   27        12        50      
   27        15        50      
   27        18        50      
   27        21        50      
   27        24        50      
   27        27        50      
   27        30        50      
   27        33        50      
   27        36        50      
   27        39        50      
   27        42        50      
   30        0         50      
   30        3         50      
   30        6         50      
   30        9         50      
   30        12        50      
   30        15        50      
   30        18        50      
   30        21        50      
   30        24        50      
   30        27        50      
   30        30        50      
   30        33        50      
   30        36        50      
   30        39        50      
   30        42        50      
   33        0         50      
   33        3         50      
   33        6         50      
   33        9         50      
   33        12        50      
   33        15        50      
   33        18        50      
   33        21        50      
   33        24        50      
   33        27        50      
   33        30        50      
   33        33        50      
   33        36        50      
   33        39        50      
   33        42        50      
   36        0         50      
   36        3         50      
   36        6         50      
   36        9         50      
   36        12        50      
   36        15        50      
   36        18        50      
   36        21        50      
   36        24        50      
   36        27        50      
   36        30        50      
   36        33        50      
   36        36        50      
   36        39        50      
   36        42        50      
   39        0         50      
   39        3         50      
   39        6         50      
   39        9         50      
   39        12        50      
   39        15        50      
   39        18        50      
   39        21        50      
   39        24        50      
   39        27        50      
   39        30        50      
   39        33        50      
   39        36        50      
   39        39        50      
   39        42        50      
   42        0         50      
   42        3         50      
   42        6         50      
   42        9         50      
   42        12        50      
   42        15        50      
   42        18        50      
   42        21        50      
   42        24        50      
   42        27        50      
   42        30        50      
   42        33        50      
   42        36        50      
   42        39        50      
   42        42        50      

LIGHT_XDIR
   0         0        -1       
   0         0        -1       
   0         0        -1       
   0         0        -1       
   0         0        -1       
   0         0        -1       
   0         0        -1       
   0         0        -1       
   0         0        -1       
   0         0        -1       
   0         0        -1       
   0         0        -1       
   0         0        -1       
   0         0        -1       
   0         0        -1       
   0         0        -1       
   0         0        -1       
   0         0        -1       
   0         0        -1       
   0         0        -1       
   0         0        -1       
   0         0        -1       
   0         0        -1       
   0         0        -1       
   0         0        -1       
   0         0        -1       
   0         0        -1       
   0         0        -1       
   0         0        -1       
   0         0        -1       
   0         0        -1       
   0         0        -1       
   0         0        -1       
   0         0        -1       
   0         0        -1       
   0         0        -1       
   0         0        -1       
   0         0        -1       
   0         0        -1       
   0         0        -1       
   0         0        -1       
   0         0        -1       
   0         0        -1       
   0         0        -1       
   0         0        -1       
   0         0        -1       
   0         0        -1       
   0         0        -1       
   0         0        -1       
   0         0        -1       
   0         0        -1       
   0         0        -1       
   0         0        -1       
   0         0        -1       
   0         0        -1       
   0         0        -1       
   0         0        -1       
   0         0        -1       
   0         0        -1       
   0         0        -1       
   0         0        -1       
   0         0        -1       
   0         0        -1       
   0         0        -1       
   0         0        -1       
   0         0        -1       
   0         0        -1       
   0         0        -1       
   0         0        -1       
   0         0        -1       
   0         0        -1       
   0         0        -1       
   0         0        -1       
   0         0        -1       
   0         0        -1       
   0         0        -1       
   0         0        -1       
   0         0        -1       
   0         0        -1       
   0         0        -1       
   0         0        -1       
   0         0        -1       
   0         0        -1       
   0         0        -1       
   0         0        -1       
   0         0        -1       
   0         0        -1       
   0         0        -1       
   0         0        -1       
   0         0        -1       
   0         0        -1       
   0         0        -1       
   0         0        -1       
   0         0        -1       
   0         0        -1       
   0         0        -1       
   0         0        -1       
   0         0        -1       
   0         0        -1       
   0         0        -1       
   0         0        -1       
   0         0        -1       
   0         0        -1       
   0         0        -1       
   0         0        -1       
   0         0        -1       
   0         0        -1       
   0         0        -1       
   0         0        -1       
   0         0        -1       
   0         0        -1       
   0         0        -1       
   0         0        -1       
   0         0        -1       
   0         0        -1       
   0         0        -1       
   0         0        -1       
   0         0        -1       
   0         0        -1       
   0         0        -1       
   0         0        -1       
   0         0        -1       
   0         0        -1       
   0         0        -1       
   0         0        -1       
   0         0        -1       
   0         0        -1       
   0         0        -1       
   0         0        -1       
   0         0        -1       
   0         0        -1       
   0         0        -1       
   0         0        -1       
   0         0        -1       
   0         0        -1       
   0         0        -1       
   0         0        -1       
   0         0        -1       
   0         0        -1       
   0         0        -1       
   0         0        -1       
   0         0        -1       
   0         0        -1       
   0         0        -1       
   0         0        -1       
   0         0        -1       
   0         0        -1       
   0         0        -1       
   0         0        -1       
   0         0        -1       
   0         0        -1       
   0         0        -1       
   0         0        -1       
   0         0        -1       
   0         0        -1       
   0         0        -1       
   0         0        -1       
   0         0        -1       
   0         0        -1       
   0         0        -1       
   0         0        -1       
   0         0        -1       
   0         0        -1       
   0         0        -1       
   0         0        -1       
   0         0        -1       
   0         0        -1       
   0         0        -1       
   0         0        -1       
   0         0        -1       
   0         0        -1       
   0         0        -1       
   0         0        -1       
   0         0        -1       
   0         0        -1       
   0         0        -1       
   0         0        -1       
   0         0        -1       
   0         0        -1       
   0         0        -1       
   0         0        -1       
   0         0        -1       
   0         0        -1       
   0         0        -1       
   0         0        -1       
   0         0        -1       
   0         0        -1       
   0         0        -1       
   0         0        -1       
   0         0        -1       
   0         0        -1       
   0         0        -1       
   0         0        -1       
   0         0        -1       
   0         0        -1       
   0         0        -1       
   0         0        -1       
   0         0        -1       
   0         0        -1       
   0         0        -1       
   0         0        -1       
   0         0        -1       
   0         0        -1       
   0         0        -1       
   0         0        -1       
   0         0        -1       
   0         0        -1       
   0         0        -1       
   0         0        -1       
   0         0        -1       
   0         0        -1       
   0         0        -1       
   0         0        -1       
   0         0        -1       
   0         0        -1       
   0         0        -1       
   0         0        -1       
   0         0        -1       
   0         0        -1       
   0         0        -1       
   0         0        -1       
   0         0        -1       
   0         0        -1       
   0         0        -1       
   0         0        -1       

SUBTREE_COM
   0.1       0.00012   0.093   
   0.1       0.00012   0.093   
  -0.063     0.24      0.098   
  -0.03      0.3       0.1     
   0.078     0.32      0.1     
  -0.14      0.32      0.1     
  -0.063    -0.24      0.098   
  -0.03     -0.3       0.1     
   0.078    -0.32      0.1     
  -0.14     -0.32      0.1     
   0.39      9.1e-05   0.094   
   0.48      0.24      0.098   
   0.51      0.3       0.1     
   0.62      0.32      0.1     
   0.4       0.32      0.1     
   0.48     -0.24      0.098   
   0.51     -0.3       0.1     
   0.62     -0.32      0.1     
   0.4      -0.32      0.1     

CDOF
   0         0         0         1         0         0       
   0         0         0         0         1         0       
   0         0         0         0         0         1       
   1        -8.5e-05   2.3e-05  -2.8e-07  -0.0033    7e-18   
   8.5e-05   1         9e-18     0.0033   -2.8e-07  -0.2     
  -2.3e-05   2e-09     1         1.7e-05   0.2       1.9e-18 
   8.5e-05   1         9e-18     0.0033   -2.8e-07  -0.31    
   8.5e-05   1         9e-18    -0.0068    5.7e-07  -0.13    
   8.5e-05   1         9e-18    -0.0068    5.7e-07  -0.025   
   8.5e-05   1         9e-18    -0.0068    5.7e-07  -0.24    
   8.5e-05   1         9e-18     0.0033   -2.8e-07  -0.31    
   8.5e-05   1         9e-18    -0.0068    5.7e-07  -0.13    
   8.5e-05   1         9e-18    -0.0068    5.7e-07  -0.025   
   8.5e-05   1         9e-18    -0.0068    5.7e-07  -0.24    
   1        -8.5e-05   2.3e-05  -2.8e-07  -0.0033    6.9e-18 
   8.5e-05   1        -1.4e-17   0.0033   -2.8e-07   0.23    
   8.5e-05   1        -1.4e-17  -0.0068    5.7e-07   0.41    
   8.5e-05   1        -1.4e-17  -0.0068    5.7e-07   0.52    
   8.5e-05   1        -1.4e-17  -0.0068    5.7e-07   0.3     
   8.5e-05   1        -1.4e-17   0.0033   -2.8e-07   0.23    
   8.5e-05   1        -1.4e-17  -0.0068    5.7e-07   0.41    
   8.5e-05   1        -1.4e-17  -0.0068    5.7e-07   0.52    
   8.5e-05   1        -1.4e-17  -0.0068    5.7e-07   0.3     

CINERT
   0         0         0         0         0         0         0         0         0         0       
   0.24      2.2       2.3       0.00017  -0.024     2.1e-06  -7.4       0.00063  -0.12      36      
   0.077     0.18      0.26      0.11      0.00051  -0.00087  -0.75      0.5       0.0059    3.4     
   0.063     0.029     0.091     0.036     0.0011   -0.0018   -0.16      0.27      0.0081    1.2     
   0.23      0.011     0.23      0.018     0.00038  -0.0048   -0.056     0.72      0.015     2.2     
   0.23      0.14      0.36      0.17      0.0037   -0.0048   -0.54      0.72      0.015     2.2     
   0.077     0.18      0.26     -0.11      0.00051   0.00087  -0.75     -0.5       0.0059    3.4     
   0.063     0.029     0.091    -0.036     0.0011    0.0018   -0.16     -0.27      0.0081    1.2     
   0.23      0.011     0.23     -0.018     0.00038   0.0048   -0.057    -0.72      0.015     2.2     
   0.23      0.14      0.36     -0.17      0.0037    0.0048   -0.54     -0.72      0.015     2.2     
   0.12      0.91      0.93      6.7e-05   0.012    -1e-06     3.6      -0.00031  -0.059     18      
   0.077     0.36      0.43     -0.16     -0.0027   -0.00087   1.1       0.5       0.0059    3.4     
   0.063     0.21      0.27     -0.11     -0.0033   -0.0018    0.49      0.27      0.0081    1.2     
   0.23      0.61      0.83     -0.37     -0.0078   -0.0048    1.2       0.72      0.015     2.2     
   0.23      0.21      0.43     -0.21     -0.0046   -0.0048    0.67      0.72      0.015     2.2     
   0.077     0.36      0.43      0.16     -0.0027    0.00087   1.1      -0.5       0.0059    3.4     
   0.063     0.21      0.27      0.11     -0.0033    0.0019    0.49     -0.27      0.0081    1.2     
   0.23      0.61      0.83      0.37     -0.0078    0.0048    1.2      -0.72      0.015     2.2     
   0.23      0.21      0.43      0.21     -0.0046    0.0048    0.67     -0.72      0.015     2.2     

ACTUATOR_LENGTH
  -1.6     
   1.6     
   2       
   0.21    
  -1.6     
   1.6     
   1.9     
   0.27    
  -1.6     
   1.6     
   2.5     
   0.47    
  -1.6     
   1.6     
   2.6     
   0.56    

actuator_moment
-------------------------
       x                 |
        x                |
         x               |
          x              |
           x             |
            x            |
             x           |
              x          |
                x        |
                 x       |
                  x      |
                   x     |
                    x    |
                     x   |
                      x  |
                       x |
-------------------------

ACTUATOR_MOMENT
     6:  1       
     7:  1       
     8:  1       
     9:  1       
    10:  1       
    11:  1       
    12:  1       
    13:  1       
    15:  1       
    16:  1       
    17:  1       
    18:  1       
    19:  1       
    20:  1       
    21:  1       
    22:  1       

CRB
   0         0         0         0         0         0         0         0         0         0       
   2.8       6.6       9         0.00033  -0.038     3.2e-06  -4.4e-16   0        -1.7e-16   90      
   0.61      0.36      0.95      0.34      0.0056   -0.012    -1.5       2.2       0.044     9.1     
   0.53      0.18      0.69      0.23      0.0051   -0.012    -0.76      1.7       0.039     5.7     
   0.23      0.011     0.23      0.018     0.00038  -0.0048   -0.056     0.72      0.015     2.2     
   0.23      0.14      0.36      0.17      0.0037   -0.0048   -0.54      0.72      0.015     2.2     
   0.61      0.36      0.95     -0.34      0.0056    0.012    -1.5      -2.2       0.044     9.1     
   0.53      0.18      0.69     -0.23      0.0051    0.012    -0.76     -1.7       0.039     5.7     
   0.23      0.011     0.23     -0.018     0.00038   0.0048   -0.057    -0.72      0.015     2.2     
   0.23      0.14      0.36     -0.17      0.0037    0.0048   -0.54     -0.72      0.015     2.2     
   1.3       3.7       4.9       0.0002   -0.025     2.1e-06   10       -0.00088   0.03      36      
   0.61      1.4       2        -0.85     -0.018    -0.012     3.4       2.2       0.044     9.1     
   0.53      1         1.5      -0.69     -0.016    -0.012     2.3       1.7       0.039     5.7     
   0.23      0.61      0.83     -0.37     -0.0078   -0.0048    1.2       0.72      0.015     2.2     
   0.23      0.21      0.43     -0.21     -0.0046   -0.0048    0.67      0.72      0.015     2.2     
   0.61      1.4       2         0.85     -0.018     0.012     3.4      -2.2       0.044     9.1     
   0.53      1         1.5       0.69     -0.016     0.012     2.3      -1.7       0.039     5.7     
   0.23      0.61      0.83      0.37     -0.0078    0.0048    1.2      -0.72      0.015     2.2     
   0.23      0.21      0.43      0.21     -0.0046    0.0048    0.67     -0.72      0.015     2.2     

QM
   90      
   0         90      
   0         0         90      
  -2.5e-05  -0.3       6.3e-16   2.8     
   0.3      -2.5e-05  -18       -3e-16     10      
   0.0016    18        1.7e-16  -0.099    -1e-16     13      
   0.074    -6.3e-06  -1.3      -0.35      0.16     -0.02      5.4     
  -6.9e-18   4.2e-22  -2.2e-16  -1.3e-17   0.078     2.1e-18   0.078     3       
  -1.7e-18   0        -6.9e-18  -5.6e-21   0.009     4.4e-21   0.009     0.009     0.19    
   0         0         0        -2.8e-17   0.009     1.2e-19   0.009     0.009               0.19    
   0.074    -6.3e-06  -1.3       0.35      0.16      0.02                                              5.4     
   0        -4.2e-22   0        -1.3e-17   0.078     1.6e-18                                           0.078     3       
   1.7e-18   0        -6.9e-18  -5.5e-21   0.009     1.9e-19                                           0.009     0.009     0.19    
   1.7e-18   0         0        -6.9e-21   0.009     5.4e-19                                           0.009     0.009               0.19    
  -1.3e-05  -0.15      5.4e-16   1.3      -3.6e-16  -0.089                                                                                     1.3     
   0.074    -6.3e-06  -1.3      -0.35      0.88     -0.02                                                                                     -0.35      5.4     
  -6.9e-18   0         0        -1.5e-16   0.078    -4.1e-18                                                                                  -1.5e-16   0.078     3       
   0         2.1e-22   4.4e-16   1.4e-16   0.009    -6.8e-19                                                                                   1.4e-16   0.009     0.009     0.19    
   1.7e-18   0         0        -2.8e-17   0.009     2.7e-19                                                                                  -2.8e-17   0.009     0.009               0.19    
   0.074    -6.3e-06  -1.3       0.35      0.88      0.02                                                                                      0.35                                              5.4     
  -6.9e-18   1.3e-21   4.4e-16   7e-17     0.078    -8.6e-19                                                                                   7e-17                                             0.078     3       
  -1.7e-18  -2.1e-22   0        -2.8e-17   0.009    -7.6e-19                                                                                  -2.8e-17                                           0.009     0.009     0.19    
   0        -2.1e-22   0        -4.4e-21   0.009     2.1e-19                                                                                  -4.7e-21                                           0.009     0.009               0.19    

M
     0:  90      
     0:  0          1:  90      
     0:  0          1:  0          2:  90      
     0: -2.5e-05    1: -0.3        2:  6.3e-16    3:  2.8     
     0:  0.3        1: -2.5e-05    2: -18         3: -3e-16      4:  10      
     0:  0.0016     1:  18         2:  1.7e-16    3: -0.099      4: -1e-16      5:  13      
     0:  0.074      1: -6.3e-06    2: -1.3        3: -0.35       4:  0.16       5: -0.02       6:  5.4     
     0: -6.9e-18    1:  4.2e-22    2: -2.2e-16    3: -1.3e-17    4:  0.078      5:  2.1e-18    6:  0.078      7:  3       
     0: -1.7e-18    1:  0          2: -6.9e-18    3: -5.6e-21    4:  0.009      5:  4.4e-21    6:  0.009      7:  0.009      8:  0.19    
     0:  0          1:  0          2:  0          3: -2.8e-17    4:  0.009      5:  1.2e-19    6:  0.009      7:  0.009      9:  0.19    
     0:  0.074      1: -6.3e-06    2: -1.3        3:  0.35       4:  0.16       5:  0.02      10:  5.4     
     0:  0          1: -4.2e-22    2:  0          3: -1.3e-17    4:  0.078      5:  1.6e-18   10:  0.078     11:  3       
     0:  1.7e-18    1:  0          2: -6.9e-18    3: -5.5e-21    4:  0.009      5:  1.9e-19   10:  0.009     11:  0.009     12:  0.19    
     0:  1.7e-18    1:  0          2:  0          3: -6.9e-21    4:  0.009      5:  5.4e-19   10:  0.009     11:  0.009     13:  0.19    
     0: -1.3e-05    1: -0.15       2:  5.4e-16    3:  1.3        4: -3.6e-16    5: -0.089     14:  1.3     
     0:  0.074      1: -6.3e-06    2: -1.3        3: -0.35       4:  0.88       5: -0.02      14: -0.35      15:  5.4     
     0: -6.9e-18    1:  0          2:  0          3: -1.5e-16    4:  0.078      5: -4.1e-18   14: -1.5e-16   15:  0.078     16:  3       
     0:  0          1:  2.1e-22    2:  4.4e-16    3:  1.4e-16    4:  0.009      5: -6.8e-19   14:  1.4e-16   15:  0.009     16:  0.009     17:  0.19    
     0:  1.7e-18    1:  0          2:  0          3: -2.8e-17    4:  0.009      5:  2.7e-19   14: -2.8e-17   15:  0.009     16:  0.009     18:  0.19    
     0:  0.074      1: -6.3e-06    2: -1.3        3:  0.35       4:  0.88       5:  0.02      14:  0.35      19:  5.4     
     0: -6.9e-18    1:  1.3e-21    2:  4.4e-16    3:  7e-17      4:  0.078      5: -8.6e-19   14:  7e-17     19:  0.078     20:  3       
     0: -1.7e-18    1: -2.1e-22    2:  0          3: -2.8e-17    4:  0.009      5: -7.6e-19   14: -2.8e-17   19:  0.009     20:  0.009     21:  0.19    
     0:  0          1: -2.1e-22    2:  0          3: -4.4e-21    4:  0.009      5:  2.1e-19   14: -4.7e-21   19:  0.009     20:  0.009     22:  0.19    

QLD
     0:  90      
     0: -3.6e-05    1:  64      
     0:  0.0096     1: -8.2e-07    2:  57      
     0: -8e-06      1: -0.094      2:  8.6e-17    3:  1.4     
     0:  0.027      1: -2.3e-06    2: -1.8        3:  6.7e-18    4:  10      
     0:  0.00012    1:  1.4        2:  1.2e-17    3: -0.00092    4: -7.4e-18    5:  13      
     0:  0.014      1: -1.2e-06    2: -0.24       3: -0.065      4:  0.03       5: -0.0036     6:  5.4     
     0: -2.3e-18    1:  1.4e-22    2: -7.5e-17    3: -4.1e-18    4:  0.026      5:  7.2e-19    6:  0.026      7:  3       
     0: -9.2e-18    1:  0          2: -3.7e-17    3: -3e-20      4:  0.048      5:  2.3e-20    6:  0.048      7:  0.048      8:  0.19    
     0:  0          1:  0          2:  0          3: -1.5e-16    4:  0.048      5:  6.3e-19    6:  0.048      7:  0.048      9:  0.19    
     0:  0.014      1: -1.2e-06    2: -0.24       3:  0.065      4:  0.03       5:  0.0036    10:  5.4     
     0: -5.6e-20    1: -1.4e-22    2:  1.1e-19    3: -4.5e-18    4:  0.026      5:  5.3e-19   10:  0.026     11:  3       
     0:  9.2e-18    1:  0          2: -3.7e-17    3: -2.9e-20    4:  0.048      5:  1e-18     10:  0.048     11:  0.048     12:  0.19    
     0:  9.2e-18    1:  0          2:  0          3: -3.6e-20    4:  0.048      5:  2.9e-18   10:  0.048     11:  0.048     13:  0.19    
     0: -9.8e-06    1: -0.12       2:  3.6e-16    3:  1          4: -2.5e-16    5: -0.071     14:  1.3     
     0:  0.014      1: -1.2e-06    2: -0.24       3: -0.065      4:  0.16       5: -0.0036    14: -0.065     15:  5.4     
     0: -2.4e-18    1: -3.4e-24    2: -7.2e-18    3: -5.3e-17    4:  0.026      5: -1.4e-18   14: -5.3e-17   15:  0.026     16:  3       
     0:  0          1:  1.1e-21    2:  2.3e-15    3:  7.3e-16    4:  0.048      5: -3.6e-18   14:  7.3e-16   15:  0.048     16:  0.048     17:  0.19    
     0:  9.2e-18    1:  0          2:  0          3: -1.5e-16    4:  0.048      5:  1.4e-18   14: -1.5e-16   15:  0.048     16:  0.048     18:  0.19    
     0:  0.014      1: -1.2e-06    2: -0.24       3:  0.065      4:  0.16       5:  0.0036    14:  0.065     19:  5.4     
     0: -2.3e-18    1:  4.4e-22    2:  1.5e-16    3:  2.4e-17    4:  0.026      5: -2.8e-19   14:  2.4e-17   19:  0.026     20:  3       
     0: -9.2e-18    1: -1.1e-21    2:  0          3: -1.5e-16    4:  0.048      5: -4e-18     14: -1.5e-16   19:  0.048     20:  0.048     21:  0.19    
     0:  0          1: -1.1e-21    2:  0          3: -2.4e-20    4:  0.048      5:  1.1e-18   14: -2.5e-20   19:  0.048     20:  0.048     22:  0.19    

QLDIAGINV
   0.011   
   0.016   
   0.018   
   0.71    
   0.099   
   0.078   
   0.18    
   0.34    
   5.3     
   5.3     
   0.18    
   0.34    
   5.3     
   5.3     
   0.78    
   0.18    
   0.34    
   5.3     
   5.3     
   0.18    
   0.34    
   5.3     
   5.3     

M: inertia structure
-------------------------
 x                       |
 xx                      |
 xxx                     |
 xxxx                    |
 xxxxx                   |
 xxxxxx                  |
 xxxxxxx                 |
 xxxxxxxx                |
 xxxxxxxxx               |
 xxxxxxxx x              |
 xxxxxx    x             |
 xxxxxx    xx            |
 xxxxxx    xxx           |
 xxxxxx    xx x          |
 xxxxxx        x         |
 xxxxxx        xx        |
 xxxxxx        xxx       |
 xxxxxx        xxxx      |
 xxxxxx        xxx x     |
 xxxxxx        x    x    |
 xxxxxx        x    xx   |
 xxxxxx        x    xxx  |
 xxxxxx        x    xx x |
-------------------------

iM: block-diagonal inertia (nnzs are island ids)
-------------------------
 0                       |
 00                      |
 000                     |
 0000                    |
 00000                   |
 000000                  |
 0000000                 |
 00000000                |
 000000000               |
 00000000 0              |
 000000    0             |
 000000    00            |
 000000    000           |
 000000    00 0          |
 000000        0         |
 000000        00        |
 000000        000       |
 000000        0000      |
 000000        000 0     |
 000000        0    0    |
 000000        0    00   |
 000000        0    000  |
 000000        0    00 0 |
-------------------------

QH
     0:  90      
     0: -3.6e-05    1:  64      
     0:  0.0096     1: -8.2e-07    2:  57      
     0: -7.9e-06    1: -0.094      2:  1e-16      3:  1.4     
     0:  0.027      1: -2.3e-06    2: -1.8        3:  7.2e-18    4:  10      
     0:  0.00012    1:  1.4        2:  1.2e-17    3: -0.00093    4: -7.5e-18    5:  13      
     0:  0.014      1: -1.2e-06    2: -0.24       3: -0.065      4:  0.03       5: -0.0036     6:  5.4     
     0: -2.3e-18    1:  1.4e-22    2: -7.5e-17    3: -4.1e-18    4:  0.026      5:  7.2e-19    6:  0.026      7:  3       
     0: -9e-18      1:  0          2: -3.6e-17    3: -2.9e-20    4:  0.047      5:  2.3e-20    6:  0.047      7:  0.047      8:  0.19    
     0:  0          1:  0          2:  0          3: -1.4e-16    4:  0.047      5:  6.2e-19    6:  0.047      7:  0.047      9:  0.19    
     0:  0.014      1: -1.2e-06    2: -0.24       3:  0.065      4:  0.03       5:  0.0036    10:  5.4     
     0: -5.5e-20    1: -1.4e-22    2:  1.1e-19    3: -4.5e-18    4:  0.026      5:  5.3e-19   10:  0.026     11:  3       
     0:  9e-18      1:  0          2: -3.6e-17    3: -2.9e-20    4:  0.047      5:  9.8e-19   10:  0.047     11:  0.047     12:  0.19    
     0:  9e-18      1:  0          2:  0          3: -3.6e-20    4:  0.047      5:  2.8e-18   10:  0.047     11:  0.047     13:  0.19    
     0: -9.8e-06    1: -0.12       2:  3.6e-16    3:  1          4: -2.5e-16    5: -0.071     14:  1.3     
     0:  0.014      1: -1.2e-06    2: -0.24       3: -0.065      4:  0.16       5: -0.0036    14: -0.065     15:  5.4     
     0: -2.4e-18    1: -3.3e-24    2: -7e-18      3: -5.3e-17    4:  0.026      5: -1.4e-18   14: -5.3e-17   15:  0.026     16:  3       
     0:  0          1:  1.1e-21    2:  2.3e-15    3:  7.2e-16    4:  0.047      5: -3.5e-18   14:  7.2e-16   15:  0.047     16:  0.047     17:  0.19    
     0:  9e-18      1:  0          2:  0          3: -1.4e-16    4:  0.047      5:  1.4e-18   14: -1.4e-16   15:  0.047     16:  0.047     18:  0.19    
     0:  0.014      1: -1.2e-06    2: -0.24       3:  0.065      4:  0.16       5:  0.0036    14:  0.065     19:  5.4     
     0: -2.3e-18    1:  4.4e-22    2:  1.5e-16    3:  2.4e-17    4:  0.026      5: -2.8e-19   14:  2.4e-17   19:  0.026     20:  3       
     0: -9e-18      1: -1.1e-21    2:  0          3: -1.4e-16    4:  0.047      5: -3.9e-18   14: -1.4e-16   19:  0.047     20:  0.047     21:  0.19    
     0:  0          1: -1.1e-21    2:  0          3: -2.3e-20    4:  0.047      5:  1.1e-18   14: -2.4e-20   19:  0.047     20:  0.047     22:  0.19    

QHDIAGINV
   0.011   
   0.016   
   0.018   
   0.71    
   0.099   
   0.078   
   0.18    
   0.34    
   5.2     
   5.2     
   0.18    
   0.34    
   5.2     
   5.2     
   0.78    
   0.18    
   0.34    
   5.2     
   5.2     
   0.18    
   0.34    
   5.2     
   5.2     

TREE_AWAKE
  1

BODY_AWAKE
  -1 1 1 1 1 1 1 1 1 1 1 1 1 1 1 1 1 1 1

BODY_AWAKE_IND
  0 1 2 3 4 5 6 7 8 9 10 11 12 13 14 15 16 17 18

PARENT_AWAKE_IND
  1 2 3 4 5 6 7 8 9 10 11 12 13 14 15 16 17 18

DOF_AWAKE_IND
  0 1 2 3 4 5 6 7 8 9 10 11 12 13 14 15 16 17 18 19 20 21 22

CONTACT
  0:
     dim           3
     geoms         0 : 1
     exclude       0
     efc_address   0
     solref         0.02      1       
     solimp         0.9       0.95      0.001     0.5       2       
     dist          -6.1e-05 
     includemargin  0       
     pos           -0.33     -0.11     -3e-05   
     frame          0         0         1         0         1         0        -1         0         0       
     friction       1         1         0.005     0.0001    0.0001  
     mu             1       
     force          1e+02    -5.8e-13   1.9e-12   0         0         0       
  1:
     dim           3
     geoms         0 : 1
     exclude       0
     efc_address   4
     solref         0.02      1       
     solimp         0.9       0.95      0.001     0.5       2       
     dist          -5e-05   
     includemargin  0       
     pos            0.13     -0.11     -2.5e-05 
     frame          0         0         1         0         1         0        -1         0         0       
     friction       1         1         0.005     0.0001    0.0001  
     mu             1       
     force          83       -2.3e-12   1.9e-12   0         0         0       
  2:
     dim           3
     geoms         0 : 1
     exclude       0
     efc_address   8
     solref         0.02      1       
     solimp         0.9       0.95      0.001     0.5       2       
     dist          -6.1e-05 
     includemargin  0       
     pos           -0.33      0.11     -3e-05   
     frame          0         0         1         0         1         0        -1         0         0       
     friction       1         1         0.005     0.0001    0.0001  
     mu             1       
     force          1e+02    -5.7e-13   1.1e-12   0         0         0       
  3:
     dim           3
     geoms         0 : 1
     exclude       0
     efc_address   12
     solref         0.02      1       
     solimp         0.9       0.95      0.001     0.5       2       
     dist          -5e-05   
     includemargin  0       
     pos            0.13      0.11     -2.5e-05 
     frame          0         0         1         0         1         0        -1         0         0       
     friction       1         1         0.005     0.0001    0.0001  
     mu             1       
     force          83       -2.3e-12   1.1e-12   0         0         0       
  4:
     dim           3
     geoms         0 : torso_left_front_wheel_geom
     exclude       0
     efc_address   16
     solref        -8.1e+04  -1.1e+02 
     solimp         0.9       0.95      0.001     0.5       2       
     dist          -2.2e-06 
     includemargin  0       
     pos            0.078     0.32     -1.1e-06 
     frame          0         0         1         0         1         0        -1         0         0       
     friction       1         1         0.005     0.0001    0.0001  
     mu             1       
     force          36       -8.8e-13  -5.2e-14   0         0         0       
  5:
     dim           3
     geoms         0 : torso_left_rear_wheel_geom
     exclude       0
     efc_address   20
     solref        -8.1e+04  -1.1e+02 
     solimp         0.9       0.95      0.001     0.5       2       
     dist          -2.7e-06 
     includemargin  0       
     pos           -0.14      0.32     -1.3e-06 
     frame          0         0         1         0         1         0        -1         0         0       
     friction       1         1         0.005     0.0001    0.0001  
     mu             1       
     force          36       -4.5e-13  -5.2e-14   0         0         0       
  6:
     dim           3
     geoms         0 : torso_right_front_wheel_geom
     exclude       0
     efc_address   24
     solref        -8.1e+04  -1.1e+02 
     solimp         0.9       0.95      0.001     0.5       2       
     dist          -2.2e-06 
     includemargin  0       
     pos            0.078    -0.32     -1.1e-06 
     frame          0         0         1         0         1         0        -1         0         0       
     friction       1         1         0.005     0.0001    0.0001  
     mu             1       
     force          36       -8.8e-13  -1.4e-13   0         0         0       
  7:
     dim           3
     geoms         0 : torso_right_rear_wheel_geom
     exclude       0
     efc_address   28
     solref        -8.1e+04  -1.1e+02 
     solimp         0.9       0.95      0.001     0.5       2       
     dist          -2.7e-06 
     includemargin  0       
     pos           -0.14     -0.32     -1.3e-06 
     frame          0         0         1         0         1         0        -1         0         0       
     friction       1         1         0.005     0.0001    0.0001  
     mu             1       
     force          36       -4.5e-13  -1.3e-13   0         0         0       
  8:
     dim           3
     geoms         0 : 10
     exclude       0
     efc_address   32
     solref         0.02      1       
     solimp         0.9       0.95      0.001     0.5       2       
     dist          -5e-05   
     includemargin  0       
     pos            0.15     -0.11     -2.5e-05 
     frame          0         0         1         0         1         0        -1         0         0       
     friction       1         1         0.005     0.0001    0.0001  
     mu             1       
     force          62        1.8e-12   1.4e-12   0         0         0       
  9:
     dim           3
     geoms         0 : 10
     exclude       0
     efc_address   36
     solref         0.02      1       
     solimp         0.9       0.95      0.001     0.5       2       
     dist          -4.3e-05 
     includemargin  0       
     pos            0.45     -0.11     -2.1e-05 
     frame          0         0         1         0         1         0        -1         0         0       
     friction       1         1         0.005     0.0001    0.0001  
     mu             1       
     force          53        9.2e-13   1.4e-12   0         0         0       
  10:
     dim           3
     geoms         0 : 10
     exclude       0
     efc_address   40
     solref         0.02      1       
     solimp         0.9       0.95      0.001     0.5       2       
     dist          -5e-05   
     includemargin  0       
     pos            0.15      0.11     -2.5e-05 
     frame          0         0         1         0         1         0        -1         0         0       
     friction       1         1         0.005     0.0001    0.0001  
     mu             1       
     force          62        1.8e-12   8.2e-13   0         0         0       
  11:
     dim           3
     geoms         0 : 10
     exclude       0
     efc_address   44
     solref         0.02      1       
     solimp         0.9       0.95      0.001     0.5       2       
     dist          -4.3e-05 
     includemargin  0       
     pos            0.45      0.11     -2.1e-05 
     frame          0         0         1         0         1         0        -1         0         0       
     friction       1         1         0.005     0.0001    0.0001  
     mu             1       
     force          53        9.2e-13   8.1e-13   0         0         0       
  12:
     dim           3
     geoms         0 : head_left_front_wheel_geom
     exclude       0
     efc_address   48
     solref        -8.1e+04  -1.1e+02 
     solimp         0.9       0.95      0.001     0.5       2       
     dist          -2.8e-06 
     includemargin  0       
     pos            0.62      0.32     -1.4e-06 
     frame          0         0         1         0         1         0        -1         0         0       
     friction       1         1         0.005     0.0001    0.0001  
     mu             1       
     force          36        2.3e-13  -3.8e-12   0         0         0       
  13:
     dim           3
     geoms         0 : head_left_rear_wheel_geom
     exclude       0
     efc_address   52
     solref        -8.1e+04  -1.1e+02 
     solimp         0.9       0.95      0.001     0.5       2       
     dist          -2.4e-06 
     includemargin  0       
     pos            0.4       0.32     -1.2e-06 
     frame          0         0         1         0         1         0        -1         0         0       
     friction       1         1         0.005     0.0001    0.0001  
     mu             1       
     force          36        6e-13    -3.8e-12   0         0         0       
  14:
     dim           3
     geoms         0 : head_right_front_wheel_geom
     exclude       0
     efc_address   56
     solref        -8.1e+04  -1.1e+02 
     solimp         0.9       0.95      0.001     0.5       2       
     dist          -2.8e-06 
     includemargin  0       
     pos            0.62     -0.32     -1.4e-06 
     frame          0         0         1         0         1         0        -1         0         0       
     friction       1         1         0.005     0.0001    0.0001  
     mu             1       
     force          36        2.3e-13  -5.5e-13   0         0         0       
  15:
     dim           3
     geoms         0 : head_right_rear_wheel_geom
     exclude       0
     efc_address   60
     solref        -8.1e+04  -1.1e+02 
     solimp         0.9       0.95      0.001     0.5       2       
     dist          -2.4e-06 
     includemargin  0       
     pos            0.4      -0.32     -1.2e-06 
     frame          0         0         1         0         1         0        -1         0         0       
     friction       1         1         0.005     0.0001    0.0001  
     mu             1       
     force          36        6e-13    -6.1e-13   0         0         0       

EFC_TYPE
  6
  6
  6
  6
  6
  6
  6
  6
  6
  6
  6
  6
  6
  6
  6
  6
  6
  6
  6
  6
  6
  6
  6
  6
  6
  6
  6
  6
  6
  6
  6
  6
  6
  6
  6
  6
  6
  6
  6
  6
  6
  6
  6
  6
  6
  6
  6
  6
  6
  6
  6
  6
  6
  6
  6
  6
  6
  6
  6
  6
  6
  6
  6
  6

EFC_ID
  0
  0
  0
  0
  1
  1
  1
  1
  2
  2
  2
  2
  3
  3
  3
  3
  4
  4
  4
  4
  5
  5
  5
  5
  6
  6
  6
  6
  7
  7
  7
  7
  8
  8
  8
  8
  9
  9
  9
  9
  10
  10
  10
  10
  11
  11
  11
  11
  12
  12
  12
  12
  13
  13
  13
  13
  14
  14
  14
  14
  15
  15
  15
  15

EFC_J
   0         1         1        -0.018     0.23     -0.23      0         0         0         0         0         0         0         0         0         0         0         0         0         0         0         0         0       
   0        -1         1        -0.2       0.23      0.23      0         0         0         0         0         0         0         0         0         0         0         0         0         0         0         0         0       
  -1         0         1        -0.11      0.32     -0.11      0         0         0         0         0         0         0         0         0         0         0         0         0         0         0         0         0       
   1         0         1        -0.11      0.14      0.11      0         0         0         0         0         0         0         0         0         0         0         0         0         0         0         0         0       
   0         1         1        -0.018    -0.23      0.23      0         0         0         0         0         0         0         0         0         0         0         0         0         0         0         0         0       
   0        -1         1        -0.2      -0.23     -0.23      0         0         0         0         0         0         0         0         0         0         0         0         0         0         0         0         0       
  -1         0         1        -0.11     -0.14     -0.11      0         0         0         0         0         0         0         0         0         0         0         0         0         0         0         0         0       
   1         0         1        -0.11     -0.32      0.11      0         0         0         0         0         0         0         0         0         0         0         0         0         0         0         0         0       
   0         1         1         0.2       0.23     -0.23      0         0         0         0         0         0         0         0         0         0         0         0         0         0         0         0         0       
   0        -1         1         0.018     0.23      0.23      0         0         0         0         0         0         0         0         0         0         0         0         0         0         0         0         0       
  -1         0         1         0.11      0.32      0.11      0         0         0         0         0         0         0         0         0         0         0         0         0         0         0         0         0       
   1         0         1         0.11      0.14     -0.11      0         0         0         0         0         0         0         0         0         0         0         0         0         0         0         0         0       
   0         1         1         0.2      -0.23      0.23      0         0         0         0         0         0         0         0         0         0         0         0         0         0         0         0         0       
   0        -1         1         0.018    -0.23     -0.23      0         0         0         0         0         0         0         0         0         0         0         0         0         0         0         0         0       
  -1         0         1         0.11     -0.14      0.11      0         0         0         0         0         0         0         0         0         0         0         0         0         0         0         0         0       
   1         0         1         0.11     -0.32     -0.11      0         0         0         0         0         0         0         0         0         0         0         0         0         0         0         0         0       
   0         1         1         0.41     -0.18      0.18     -0.29     -0.11      8.5e-06   0         0         0         0         0         0         0         0         0         0         0         0         0         0       
   0        -1         1         0.23     -0.18     -0.18     -0.29     -0.11     -8.5e-06   0         0         0         0         0         0         0         0         0         0         0         0         0         0       
  -1         0         1         0.32     -0.09      0.32     -0.2      -0.008     0.1       0         0         0         0         0         0         0         0         0         0         0         0         0         0       
   1         0         1         0.32     -0.27     -0.32     -0.38     -0.21     -0.1       0         0         0         0         0         0         0         0         0         0         0         0         0         0       
   0         1         1         0.41      0.036    -0.036    -0.072     0.11      0         8.5e-06   0         0         0         0         0         0         0         0         0         0         0         0         0       
   0        -1         1         0.23      0.036     0.036    -0.072     0.11      0        -8.5e-06   0         0         0         0         0         0         0         0         0         0         0         0         0       
  -1         0         1         0.32      0.13      0.32      0.018     0.21      0         0.1       0         0         0         0         0         0         0         0         0         0         0         0         0       
   1         0         1         0.32     -0.054    -0.32     -0.16      0.008     0        -0.1       0         0         0         0         0         0         0         0         0         0         0         0         0       
   0         1         1        -0.23     -0.18      0.18      0         0         0         0        -0.29     -0.11      8.5e-06   0         0         0         0         0         0         0         0         0         0       
   0        -1         1        -0.41     -0.18     -0.18      0         0         0         0        -0.29     -0.11     -8.5e-06   0         0         0         0         0         0         0         0         0         0       
  -1         0         1        -0.32     -0.09     -0.32      0         0         0         0        -0.2      -0.008     0.1       0         0         0         0         0         0         0         0         0         0       
   1         0         1        -0.32     -0.27      0.32      0         0         0         0        -0.38     -0.21     -0.1       0         0         0         0         0         0         0         0         0         0       
   0         1         1        -0.23      0.036    -0.036     0         0         0         0        -0.072     0.11      0         8.5e-06   0         0         0         0         0         0         0         0         0       
   0        -1         1        -0.41      0.036     0.036     0         0         0         0        -0.072     0.11      0        -8.5e-06   0         0         0         0         0         0         0         0         0       
  -1         0         1        -0.32      0.13     -0.32      0         0         0         0         0.018     0.21      0         0.1       0         0         0         0         0         0         0         0         0       
   1         0         1        -0.32     -0.054     0.32      0         0         0         0        -0.16      0.008     0        -0.1       0         0         0         0         0         0         0         0         0       
   0         1         1        -0.018    -0.26      0.26      0         0         0         0         0         0         0         0        -0.018     0         0         0         0         0         0         0         0       
   0        -1         1        -0.2      -0.26     -0.26      0         0         0         0         0         0         0         0        -0.2       0         0         0         0         0         0         0         0       
  -1         0         1        -0.11     -0.17     -0.11      0         0         0         0         0         0         0         0        -0.11      0         0         0         0         0         0         0         0       
   1         0         1        -0.11     -0.35      0.11      0         0         0         0         0         0         0         0        -0.11      0         0         0         0         0         0         0         0       
   0         1         1        -0.018    -0.56      0.56      0         0         0         0         0         0         0         0        -0.018     0         0         0         0         0         0         0         0       
   0        -1         1        -0.2      -0.56     -0.56      0         0         0         0         0         0         0         0        -0.2       0         0         0         0         0         0         0         0       
  -1         0         1        -0.11     -0.47     -0.11      0         0         0         0         0         0         0         0        -0.11      0         0         0         0         0         0         0         0       
   1         0         1        -0.11     -0.65      0.11      0         0         0         0         0         0         0         0        -0.11      0         0         0         0         0         0         0         0       
   0         1         1         0.2      -0.26      0.26      0         0         0         0         0         0         0         0         0.2       0         0         0         0         0         0         0         0       
   0        -1         1         0.018    -0.26     -0.26      0         0         0         0         0         0         0         0         0.018     0         0         0         0         0         0         0         0       
  -1         0         1         0.11     -0.17      0.11      0         0         0         0         0         0         0         0         0.11      0         0         0         0         0         0         0         0       
   1         0         1         0.11     -0.35     -0.11      0         0         0         0         0         0         0         0         0.11      0         0         0         0         0         0         0         0       
   0         1         1         0.2      -0.56      0.56      0         0         0         0         0         0         0         0         0.2       0         0         0         0         0         0         0         0       
   0        -1         1         0.018    -0.56     -0.56      0         0         0         0         0         0         0         0         0.018     0         0         0         0         0         0         0         0       
  -1         0         1         0.11     -0.47      0.11      0         0         0         0         0         0         0         0         0.11      0         0         0         0         0         0         0         0       
   1         0         1         0.11     -0.65     -0.11      0         0         0         0         0         0         0         0         0.11      0         0         0         0         0         0         0         0       
   0         1         1         0.41     -0.72      0.72      0         0         0         0         0         0         0         0         0.41     -0.29     -0.11      8.5e-06   0         0         0         0         0       
   0        -1         1         0.23     -0.72     -0.72      0         0         0         0         0         0         0         0         0.23     -0.29     -0.11     -8.5e-06   0         0         0         0         0       
  -1         0         1         0.32     -0.63      0.32      0         0         0         0         0         0         0         0         0.32     -0.2      -0.008     0.1       0         0         0         0         0       
   1         0         1         0.32     -0.81     -0.32      0         0         0         0         0         0         0         0         0.32     -0.38     -0.21     -0.1       0         0         0         0         0       
   0         1         1         0.41     -0.5       0.5       0         0         0         0         0         0         0         0         0.41     -0.072     0.11      0         8.5e-06   0         0         0         0       
   0        -1         1         0.23     -0.5      -0.5       0         0         0         0         0         0         0         0         0.23     -0.072     0.11      0        -8.5e-06   0         0         0         0       
  -1         0         1         0.32     -0.41      0.32      0         0         0         0         0         0         0         0         0.32      0.018     0.21      0         0.1       0         0         0         0       
   1         0         1         0.32     -0.59     -0.32      0         0         0         0         0         0         0         0         0.32     -0.16      0.008     0        -0.1       0         0         0         0       
   0         1         1        -0.23     -0.72      0.72      0         0         0         0         0         0         0         0        -0.23      0         0         0         0        -0.29     -0.11      8.5e-06   0       
   0        -1         1        -0.41     -0.72     -0.72      0         0         0         0         0         0         0         0        -0.41      0         0         0         0        -0.29     -0.11     -8.5e-06   0       
  -1         0         1        -0.32     -0.63     -0.32      0         0         0         0         0         0         0         0        -0.32      0         0         0         0        -0.2      -0.008     0.1       0       
   1         0         1        -0.32     -0.81      0.32      0         0         0         0         0         0         0         0        -0.32      0         0         0         0        -0.38     -0.21     -0.1       0       
   0         1         1        -0.23     -0.5       0.5       0         0         0         0         0         0         0         0        -0.23      0         0         0         0        -0.072     0.11      0         8.5e-06 
   0        -1         1        -0.41     -0.5      -0.5       0         0         0         0         0         0         0         0        -0.41      0         0         0         0        -0.072     0.11      0        -8.5e-06 
  -1         0         1        -0.32     -0.41     -0.32      0         0         0         0         0         0         0         0        -0.32      0         0         0         0         0.018     0.21      0         0.1     
   1         0         1        -0.32     -0.59      0.32      0         0         0         0         0         0         0         0        -0.32      0         0         0         0        -0.16      0.008     0        -0.1     

IEFC_J
   0         1         1        -0.018     0.23     -0.23      0         0         0         0         0         0         0         0         0         0         0         0         0         0         0         0         0       
   0        -1         1        -0.2       0.23      0.23      0         0         0         0         0         0         0         0         0         0         0         0         0         0         0         0         0       
  -1         0         1        -0.11      0.32     -0.11      0         0         0         0         0         0         0         0         0         0         0         0         0         0         0         0         0       
   1         0         1        -0.11      0.14      0.11      0         0         0         0         0         0         0         0         0         0         0         0         0         0         0         0         0       
   0         1         1        -0.018    -0.23      0.23      0         0         0         0         0         0         0         0         0         0         0         0         0         0         0         0         0       
   0        -1         1        -0.2      -0.23     -0.23      0         0         0         0         0         0         0         0         0         0         0         0         0         0         0         0         0       
  -1         0         1        -0.11     -0.14     -0.11      0         0         0         0         0         0         0         0         0         0         0         0         0         0         0         0         0       
   1         0         1        -0.11     -0.32      0.11      0         0         0         0         0         0         0         0         0         0         0         0         0         0         0         0         0       
   0         1         1         0.2       0.23     -0.23      0         0         0         0         0         0         0         0         0         0         0         0         0         0         0         0         0       
   0        -1         1         0.018     0.23      0.23      0         0         0         0         0         0         0         0         0         0         0         0         0         0         0         0         0       
  -1         0         1         0.11      0.32      0.11      0         0         0         0         0         0         0         0         0         0         0         0         0         0         0         0         0       
   1         0         1         0.11      0.14     -0.11      0         0         0         0         0         0         0         0         0         0         0         0         0         0         0         0         0       
   0         1         1         0.2      -0.23      0.23      0         0         0         0         0         0         0         0         0         0         0         0         0         0         0         0         0       
   0        -1         1         0.018    -0.23     -0.23      0         0         0         0         0         0         0         0         0         0         0         0         0         0         0         0         0       
  -1         0         1         0.11     -0.14      0.11      0         0         0         0         0         0         0         0         0         0         0         0         0         0         0         0         0       
   1         0         1         0.11     -0.32     -0.11      0         0         0         0         0         0         0         0         0         0         0         0         0         0         0         0         0       
   0         1         1         0.41     -0.18      0.18     -0.29     -0.11      8.5e-06   0         0         0         0         0         0         0         0         0         0         0         0         0         0       
   0        -1         1         0.23     -0.18     -0.18     -0.29     -0.11     -8.5e-06   0         0         0         0         0         0         0         0         0         0         0         0         0         0       
  -1         0         1         0.32     -0.09      0.32     -0.2      -0.008     0.1       0         0         0         0         0         0         0         0         0         0         0         0         0         0       
   1         0         1         0.32     -0.27     -0.32     -0.38     -0.21     -0.1       0         0         0         0         0         0         0         0         0         0         0         0         0         0       
   0         1         1         0.41      0.036    -0.036    -0.072     0.11      0         8.5e-06   0         0         0         0         0         0         0         0         0         0         0         0         0       
   0        -1         1         0.23      0.036     0.036    -0.072     0.11      0        -8.5e-06   0         0         0         0         0         0         0         0         0         0         0         0         0       
  -1         0         1         0.32      0.13      0.32      0.018     0.21      0         0.1       0         0         0         0         0         0         0         0         0         0         0         0         0       
   1         0         1         0.32     -0.054    -0.32     -0.16      0.008     0        -0.1       0         0         0         0         0         0         0         0         0         0         0         0         0       
   0         1         1        -0.23     -0.18      0.18      0         0         0         0        -0.29     -0.11      8.5e-06   0         0         0         0         0         0         0         0         0         0       
   0        -1         1        -0.41     -0.18     -0.18      0         0         0         0        -0.29     -0.11     -8.5e-06   0         0         0         0         0         0         0         0         0         0       
  -1         0         1        -0.32     -0.09     -0.32      0         0         0         0        -0.2      -0.008     0.1       0         0         0         0         0         0         0         0         0         0       
   1         0         1        -0.32     -0.27      0.32      0         0         0         0        -0.38     -0.21     -0.1       0         0         0         0         0         0         0         0         0         0       
   0         1         1        -0.23      0.036    -0.036     0         0         0         0        -0.072     0.11      0         8.5e-06   0         0         0         0         0         0         0         0         0       
   0        -1         1        -0.41      0.036     0.036     0         0         0         0        -0.072     0.11      0        -8.5e-06   0         0         0         0         0         0         0         0         0       
  -1         0         1        -0.32      0.13     -0.32      0         0         0         0         0.018     0.21      0         0.1       0         0         0         0         0         0         0         0         0       
   1         0         1        -0.32     -0.054     0.32      0         0         0         0        -0.16      0.008     0        -0.1       0         0         0         0         0         0         0         0         0       
   0         1         1        -0.018    -0.26      0.26      0         0         0         0         0         0         0         0        -0.018     0         0         0         0         0         0         0         0       
   0        -1         1        -0.2      -0.26     -0.26      0         0         0         0         0         0         0         0        -0.2       0         0         0         0         0         0         0         0       
  -1         0         1        -0.11     -0.17     -0.11      0         0         0         0         0         0         0         0        -0.11      0         0         0         0         0         0         0         0       
   1         0         1        -0.11     -0.35      0.11      0         0         0         0         0         0         0         0        -0.11      0         0         0         0         0         0         0         0       
   0         1         1        -0.018    -0.56      0.56      0         0         0         0         0         0         0         0        -0.018     0         0         0         0         0         0         0         0       
   0        -1         1        -0.2      -0.56     -0.56      0         0         0         0         0         0         0         0        -0.2       0         0         0         0         0         0         0         0       
  -1         0         1        -0.11     -0.47     -0.11      0         0         0         0         0         0         0         0        -0.11      0         0         0         0         0         0         0         0       
   1         0         1        -0.11     -0.65      0.11      0         0         0         0         0         0         0         0        -0.11      0         0         0         0         0         0         0         0       
   0         1         1         0.2      -0.26      0.26      0         0         0         0         0         0         0         0         0.2       0         0         0         0         0         0         0         0       
   0        -1         1         0.018    -0.26     -0.26      0         0         0         0         0         0         0         0         0.018     0         0         0         0         0         0         0         0       
  -1         0         1         0.11     -0.17      0.11      0         0         0         0         0         0         0         0         0.11      0         0         0         0         0         0         0         0       
   1         0         1         0.11     -0.35     -0.11      0         0         0         0         0         0         0         0         0.11      0         0         0         0         0         0         0         0       
   0         1         1         0.2      -0.56      0.56      0         0         0         0         0         0         0         0         0.2       0         0         0         0         0         0         0         0       
   0        -1         1         0.018    -0.56     -0.56      0         0         0         0         0         0         0         0         0.018     0         0         0         0         0         0         0         0       
  -1         0         1         0.11     -0.47      0.11      0         0         0         0         0         0         0         0         0.11      0         0         0         0         0         0         0         0       
   1         0         1         0.11     -0.65     -0.11      0         0         0         0         0         0         0         0         0.11      0         0         0         0         0         0         0         0       
   0         1         1         0.41     -0.72      0.72      0         0         0         0         0         0         0         0         0.41     -0.29     -0.11      8.5e-06   0         0         0         0         0       
   0        -1         1         0.23     -0.72     -0.72      0         0         0         0         0         0         0         0         0.23     -0.29     -0.11     -8.5e-06   0         0         0         0         0       
  -1         0         1         0.32     -0.63      0.32      0         0         0         0         0         0         0         0         0.32     -0.2      -0.008     0.1       0         0         0         0         0       
   1         0         1         0.32     -0.81     -0.32      0         0         0         0         0         0         0         0         0.32     -0.38     -0.21     -0.1       0         0         0         0         0       
   0         1         1         0.41     -0.5       0.5       0         0         0         0         0         0         0         0         0.41     -0.072     0.11      0         8.5e-06   0         0         0         0       
   0        -1         1         0.23     -0.5      -0.5       0         0         0         0         0         0         0         0         0.23     -0.072     0.11      0        -8.5e-06   0         0         0         0       
  -1         0         1         0.32     -0.41      0.32      0         0         0         0         0         0         0         0         0.32      0.018     0.21      0         0.1       0         0         0         0       
   1         0         1         0.32     -0.59     -0.32      0         0         0         0         0         0         0         0         0.32     -0.16      0.008     0        -0.1       0         0         0         0       
   0         1         1        -0.23     -0.72      0.72      0         0         0         0         0         0         0         0        -0.23      0         0         0         0        -0.29     -0.11      8.5e-06   0       
   0        -1         1        -0.41     -0.72     -0.72      0         0         0         0         0         0         0         0        -0.41      0         0         0         0        -0.29     -0.11     -8.5e-06   0       
  -1         0         1        -0.32     -0.63     -0.32      0         0         0         0         0         0         0         0        -0.32      0         0         0         0        -0.2      -0.008     0.1       0       
   1         0         1        -0.32     -0.81      0.32      0         0         0         0         0         0         0         0        -0.32      0         0         0         0        -0.38     -0.21     -0.1       0       
   0         1         1        -0.23     -0.5       0.5       0         0         0         0         0         0         0         0        -0.23      0         0         0         0        -0.072     0.11      0         8.5e-06 
   0        -1         1        -0.41     -0.5      -0.5       0         0         0         0         0         0         0         0        -0.41      0         0         0         0        -0.072     0.11      0        -8.5e-06 
  -1         0         1        -0.32     -0.41     -0.32      0         0         0         0         0         0         0         0        -0.32      0         0         0         0         0.018     0.21      0         0.1     
   1         0         1        -0.32     -0.59      0.32      0         0         0         0         0         0         0         0        -0.32      0         0         0         0        -0.16      0.008     0        -0.1     

EFC_POS
  -6.1e-05 
  -6.1e-05 
  -6.1e-05 
  -6.1e-05 
  -5e-05   
  -5e-05   
  -5e-05   
  -5e-05   
  -6.1e-05 
  -6.1e-05 
  -6.1e-05 
  -6.1e-05 
  -5e-05   
  -5e-05   
  -5e-05   
  -5e-05   
  -2.2e-06 
  -2.2e-06 
  -2.2e-06 
  -2.2e-06 
  -2.7e-06 
  -2.7e-06 
  -2.7e-06 
  -2.7e-06 
  -2.2e-06 
  -2.2e-06 
  -2.2e-06 
  -2.2e-06 
  -2.7e-06 
  -2.7e-06 
  -2.7e-06 
  -2.7e-06 
  -5e-05   
  -5e-05   
  -5e-05   
  -5e-05   
  -4.3e-05 
  -4.3e-05 
  -4.3e-05 
  -4.3e-05 
  -5e-05   
  -5e-05   
  -5e-05   
  -5e-05   
  -4.3e-05 
  -4.3e-05 
  -4.3e-05 
  -4.3e-05 
  -2.8e-06 
  -2.8e-06 
  -2.8e-06 
  -2.8e-06 
  -2.4e-06 
  -2.4e-06 
  -2.4e-06 
  -2.4e-06 
  -2.8e-06 
  -2.8e-06 
  -2.8e-06 
  -2.8e-06 
  -2.4e-06 
  -2.4e-06 
  -2.4e-06 
  -2.4e-06 

EFC_MARGIN
   0       
   0       
   0       
   0       
   0       
   0       
   0       
   0       
   0       
   0       
   0       
   0       
   0       
   0       
   0       
   0       
   0       
   0       
   0       
   0       
   0       
   0       
   0       
   0       
   0       
   0       
   0       
   0       
   0       
   0       
   0       
   0       
   0       
   0       
   0       
   0       
   0       
   0       
   0       
   0       
   0       
   0       
   0       
   0       
   0       
   0       
   0       
   0       
   0       
   0       
   0       
   0       
   0       
   0       
   0       
   0       
   0       
   0       
   0       
   0       
   0       
   0       
   0       
   0       

EFC_FRICTIONLOSS
   0       
   0       
   0       
   0       
   0       
   0       
   0       
   0       
   0       
   0       
   0       
   0       
   0       
   0       
   0       
   0       
   0       
   0       
   0       
   0       
   0       
   0       
   0       
   0       
   0       
   0       
   0       
   0       
   0       
   0       
   0       
   0       
   0       
   0       
   0       
   0       
   0       
   0       
   0       
   0       
   0       
   0       
   0       
   0       
   0       
   0       
   0       
   0       
   0       
   0       
   0       
   0       
   0       
   0       
   0       
   0       
   0       
   0       
   0       
   0       
   0       
   0       
   0       
   0       

EFC_DIAGAPPROX
   0.055   
   0.055   
   0.055   
   0.055   
   0.055   
   0.055   
   0.055   
   0.055   
   0.055   
   0.055   
   0.055   
   0.055   
   0.055   
   0.055   
   0.055   
   0.055   
   0.18    
   0.18    
   0.18    
   0.18    
   0.21    
   0.21    
   0.21    
   0.21    
   0.18    
   0.18    
   0.18    
   0.18    
   0.21    
   0.21    
   0.21    
   0.21    
   0.073   
   0.073   
   0.073   
   0.073   
   0.073   
   0.073   
   0.073   
   0.073   
   0.073   
   0.073   
   0.073   
   0.073   
   0.073   
   0.073   
   0.073   
   0.073   
   0.23    
   0.23    
   0.23    
   0.23    
   0.19    
   0.19    
   0.19    
   0.19    
   0.23    
   0.23    
   0.23    
   0.23    
   0.19    
   0.19    
   0.19    
   0.19    

EFC_KBIP
   2.8e+03   1.1e+02   0.9      -12      
   2.8e+03   1.1e+02   0.9      -12      
   2.8e+03   1.1e+02   0.9      -12      
   2.8e+03   1.1e+02   0.9      -12      
   2.8e+03   1.1e+02   0.9      -10      
   2.8e+03   1.1e+02   0.9      -10      
   2.8e+03   1.1e+02   0.9      -10      
   2.8e+03   1.1e+02   0.9      -10      
   2.8e+03   1.1e+02   0.9      -12      
   2.8e+03   1.1e+02   0.9      -12      
   2.8e+03   1.1e+02   0.9      -12      
   2.8e+03   1.1e+02   0.9      -12      
   2.8e+03   1.1e+02   0.9      -10      
   2.8e+03   1.1e+02   0.9      -10      
   2.8e+03   1.1e+02   0.9      -10      
   2.8e+03   1.1e+02   0.9      -10      
   9e+04     1.2e+02   0.9      -0.44    
   9e+04     1.2e+02   0.9      -0.44    
   9e+04     1.2e+02   0.9      -0.44    
   9e+04     1.2e+02   0.9      -0.44    
   9e+04     1.2e+02   0.9      -0.53    
   9e+04     1.2e+02   0.9      -0.53    
   9e+04     1.2e+02   0.9      -0.53    
   9e+04     1.2e+02   0.9      -0.53    
   9e+04     1.2e+02   0.9      -0.44    
   9e+04     1.2e+02   0.9      -0.44    
   9e+04     1.2e+02   0.9      -0.44    
   9e+04     1.2e+02   0.9      -0.44    
   9e+04     1.2e+02   0.9      -0.53    
   9e+04     1.2e+02   0.9      -0.53    
   9e+04     1.2e+02   0.9      -0.53    
   9e+04     1.2e+02   0.9      -0.53    
   2.8e+03   1.1e+02   0.9      -9.9     
   2.8e+03   1.1e+02   0.9      -9.9     
   2.8e+03   1.1e+02   0.9      -9.9     
   2.8e+03   1.1e+02   0.9      -9.9     
   2.8e+03   1.1e+02   0.9      -8.6     
   2.8e+03   1.1e+02   0.9      -8.6     
   2.8e+03   1.1e+02   0.9      -8.6     
   2.8e+03   1.1e+02   0.9      -8.6     
   2.8e+03   1.1e+02   0.9      -9.9     
   2.8e+03   1.1e+02   0.9      -9.9     
   2.8e+03   1.1e+02   0.9      -9.9     
   2.8e+03   1.1e+02   0.9      -9.9     
   2.8e+03   1.1e+02   0.9      -8.6     
   2.8e+03   1.1e+02   0.9      -8.6     
   2.8e+03   1.1e+02   0.9      -8.6     
   2.8e+03   1.1e+02   0.9      -8.6     
   9e+04     1.2e+02   0.9      -0.57    
   9e+04     1.2e+02   0.9      -0.57    
   9e+04     1.2e+02   0.9      -0.57    
   9e+04     1.2e+02   0.9      -0.57    
   9e+04     1.2e+02   0.9      -0.47    
   9e+04     1.2e+02   0.9      -0.47    
   9e+04     1.2e+02   0.9      -0.47    
   9e+04     1.2e+02   0.9      -0.47    
   9e+04     1.2e+02   0.9      -0.57    
   9e+04     1.2e+02   0.9      -0.57    
   9e+04     1.2e+02   0.9      -0.57    
   9e+04     1.2e+02   0.9      -0.57    
   9e+04     1.2e+02   0.9      -0.47    
   9e+04     1.2e+02   0.9      -0.47    
   9e+04     1.2e+02   0.9      -0.47    
   9e+04     1.2e+02   0.9      -0.47    

EFC_D
   1.7e+02 
   1.7e+02 
   1.7e+02 
   1.7e+02 
   1.7e+02 
   1.7e+02 
   1.7e+02 
   1.7e+02 
   1.7e+02 
   1.7e+02 
   1.7e+02 
   1.7e+02 
   1.7e+02 
   1.7e+02 
   1.7e+02 
   1.7e+02 
   51      
   51      
   51      
   51      
   42      
   42      
   42      
   42      
   51      
   51      
   51      
   51      
   42      
   42      
   42      
   42      
   1.2e+02 
   1.2e+02 
   1.2e+02 
   1.2e+02 
   1.2e+02 
   1.2e+02 
   1.2e+02 
   1.2e+02 
   1.2e+02 
   1.2e+02 
   1.2e+02 
   1.2e+02 
   1.2e+02 
   1.2e+02 
   1.2e+02 
   1.2e+02 
   40      
   40      
   40      
   40      
   48      
   48      
   48      
   48      
   40      
   40      
   40      
   40      
   48      
   48      
   48      
   48      

EFC_R
   0.006   
   0.006   
   0.006   
   0.006   
   0.006   
   0.006   
   0.006   
   0.006   
   0.006   
   0.006   
   0.006   
   0.006   
   0.006   
   0.006   
   0.006   
   0.006   
   0.02    
   0.02    
   0.02    
   0.02    
   0.024   
   0.024   
   0.024   
   0.024   
   0.02    
   0.02    
   0.02    
   0.02    
   0.024   
   0.024   
   0.024   
   0.024   
   0.008   
   0.008   
   0.008   
   0.008   
   0.008   
   0.008   
   0.008   
   0.008   
   0.008   
   0.008   
   0.008   
   0.008   
   0.008   
   0.008   
   0.008   
   0.008   
   0.025   
   0.025   
   0.025   
   0.025   
   0.021   
   0.021   
   0.021   
   0.021   
   0.025   
   0.025   
   0.025   
   0.025   
   0.021   
   0.021   
   0.021   
   0.021   

ACTUATOR_VELOCITY
   1.7e-14 
  -1.7e-14 
   1.3e-15 
   1.3e-15 
   1.8e-14 
  -1.8e-14 
   2.7e-15 
   2.7e-15 
   3.1e-14 
   2.4e-14 
  -4.4e-14 
  -4.6e-14 
  -7.7e-15 
  -1.8e-14 
   2.6e-14 
   2.6e-14 

CVEL
   0         0         0         0         0         0       
  -3.7e-16   3.5e-16   3.3e-16   8e-17     2.2e-16   8.1e-16 
  -3.7e-16   1.8e-14   3.3e-16   1.4e-16   2.2e-16  -4.6e-15 
  -3.7e-16   2.7e-16   3.3e-16   2.5e-16   2.2e-16  -2.3e-15 
  -3.7e-16   1.6e-15   3.3e-16   2.4e-16   2.2e-16  -2.3e-15 
  -3.7e-16   1.6e-15   3.3e-16   2.4e-16   2.2e-16  -2.6e-15 
  -3.7e-16   1.8e-14   3.3e-16   1.4e-16   2.2e-16  -4.9e-15 
  -3.7e-16   6.7e-16   3.3e-16   2.6e-16   2.2e-16  -2.5e-15 
  -3.7e-16   3.4e-15   3.3e-16   2.4e-16   2.2e-16  -2.6e-15 
  -3.7e-16   3.3e-15   3.3e-16   2.4e-16   2.2e-16  -3.1e-15 
  -5.4e-15   3.5e-16   3.3e-16   8e-17     2.4e-16   8.1e-16 
  -5.4e-15   3.1e-14   3.3e-16   1.8e-16   2.4e-16   7.8e-15 
  -5.4e-15   5.5e-14   3.3e-16   1.5e-17   2.4e-16   1.8e-14 
  -5.4e-15   1.1e-14   3.3e-16   3.2e-16   2.4e-16  -5.2e-15 
  -5.4e-15   9.9e-15   3.3e-16   3.2e-16   2.4e-16   4.1e-15 
  -5.4e-15  -7.4e-15   3.3e-16   5.4e-17   2.4e-16  -9.5e-16 
  -5.4e-15  -2.5e-14   3.3e-16   1.8e-16   2.4e-16  -8.3e-15 
  -5.4e-15   2.1e-16   3.3e-16   3.1e-18   2.4e-16   4.9e-15 
  -5.4e-15   4.3e-16   3.3e-16   1.6e-18   2.4e-16  -5.5e-16 

CDOF_DOT
   0         0         0         0         0         0       
   0         0         0         0         0         0       
   0         0         0         0         0         0       
   0         0        -0         7.9e-20   8.8e-16  -1.5e-16 
   0         0         0        -8.8e-16   7.5e-20   7.9e-17 
   0        -0         0         1.5e-16  -7.9e-17   3.6e-21 
  -3.3e-16   2.8e-20  -3.7e-16  -9.2e-16  -1.1e-16   7.9e-17 
  -3.3e-16   2.8e-20  -3.7e-16   2.2e-15  -5.2e-17   2.5e-16 
  -3.3e-16   2.8e-20  -3.7e-16   2.3e-15  -1.2e-17   2.5e-16 
  -3.3e-16   2.8e-20  -3.7e-16   2.2e-15  -9.2e-17   2.5e-16 
  -3.3e-16   2.8e-20  -3.7e-16  -9.2e-16  -1.1e-16   7.9e-17 
  -3.3e-16   2.8e-20  -3.7e-16   2.4e-15  -5.2e-17   2.6e-16 
  -3.3e-16   2.8e-20  -3.7e-16   2.5e-15  -1.2e-17   2.6e-16 
  -3.3e-16   2.8e-20  -3.7e-16   2.3e-15  -9.2e-17   2.6e-16 
   3.6e-20   3.3e-16  -3.5e-16   1.2e-18   8.1e-16  -2.2e-16 
  -3.3e-16   2.8e-20  -5.4e-15  -7.3e-16   1.2e-15   7.9e-17 
  -3.3e-16   2.8e-20  -5.4e-15   4.8e-15   2.2e-15   3.9e-16 
  -3.3e-16   2.8e-20  -5.4e-15   1.1e-14   2.8e-15   3.9e-16 
  -3.3e-16   2.8e-20  -5.4e-15  -1.1e-15   1.6e-15   3.9e-16 
  -3.3e-16   2.8e-20  -5.4e-15  -7.3e-16   1.2e-15   7.9e-17 
  -3.3e-16   2.8e-20  -5.4e-15  -2.1e-15   2.2e-15   4.5e-18 
  -3.3e-16   2.8e-20  -5.4e-15  -4.8e-15   2.8e-15   4.5e-18 
  -3.3e-16   2.8e-20  -5.4e-15   6.8e-16   1.6e-15   4.5e-18 

QFRC_BIAS
  -2.2e-27 
  -3.6e-28 
   8.9e+02 
   6.2e-15 
  -1.8e+02 
   1.6e-15 
  -13      
  -8.9e-16 
   0       
   0       
  -13      
  -8.9e-16 
  -1.1e-16 
  -8.9e-16 
   6.6e-15 
  -13      
   0       
   3.6e-15 
  -1.8e-15 
  -13      
  -3.6e-15 
   1.8e-15 
   0       

QFRC_SPRING
   0       
   0       
   0       
   0       
   0       
   0       
   0       
   0       
   0       
   0       
   0       
   0       
   0       
   0       
   2.3e-16 
   0       
   0       
   0       
   0       
   0       
   0       
   0       
   0       

QFRC_DAMPER
   0       
   0       
   0       
   0       
   0       
   0       
  -3.4e-14 
   3.4e-14 
  -2.7e-15 
  -2.7e-15 
  -3.6e-14 
   3.6e-14 
  -5.4e-15 
  -5.3e-15 
   5e-15   
  -6.1e-14 
  -4.9e-14 
   8.9e-14 
   9.1e-14 
   1.5e-14 
   3.6e-14 
  -5.1e-14 
  -5.2e-14 

QFRC_GRAVCOMP
   0       
   0       
   0       
   0       
   0       
   0       
   0       
   0       
   0       
   0       
   0       
   0       
   0       
   0       
   0       
   0       
   0       
   0       
   0       
   0       
   0       
   0       
   0       

QFRC_FLUID
   0       
   0       
   0       
   0       
   0       
   0       
   0       
   0       
   0       
   0       
   0       
   0       
   0       
   0       
   0       
   0       
   0       
   0       
   0       
   0       
   0       
   0       
   0       

QFRC_PASSIVE
   0       
   0       
   0       
   0       
   0       
   0       
  -3.4e-14 
   3.4e-14 
  -2.7e-15 
  -2.7e-15 
  -3.6e-14 
   3.6e-14 
  -5.4e-15 
  -5.3e-15 
   5.2e-15 
  -6.1e-14 
  -4.9e-14 
   8.9e-14 
   9.1e-14 
   1.5e-14 
   3.6e-14 
  -5.1e-14 
  -5.2e-14 

EFC_VEL
   1e-15   
   9.6e-16 
   9.2e-16 
   1.1e-15 
   1e-15   
   6.4e-16 
   7.6e-16 
   9.3e-16 
   9.7e-16 
   8.8e-16 
   9.1e-16 
   9.3e-16 
   9.6e-16 
   5.6e-16 
   7.5e-16 
   7.7e-16 
  -2.2e-15 
  -2.6e-15 
  -2.4e-15 
  -2.4e-15 
  -2.2e-15 
  -2.4e-15 
  -2.3e-15 
  -2.3e-15 
  -2.2e-15 
  -2.5e-15 
  -2.4e-15 
  -2.3e-15 
  -2.1e-15 
  -2.3e-15 
  -2.2e-15 
  -2.2e-15 
   1.1e-15 
   1.6e-15 
   1.3e-15 
   1.5e-15 
   1.1e-15 
   1.4e-15 
   1.2e-15 
   1.4e-15 
  -2.8e-17 
   4.6e-16 
   2e-16   
   2.3e-16 
  -3.2e-17 
   2.5e-16 
   9.9e-17 
   1.2e-16 
  -1.3e-14 
  -1.2e-14 
  -1.2e-14 
  -1.3e-14 
  -7.2e-16 
  -4.1e-16 
   1.4e-16 
  -1.3e-15 
   6.4e-15 
   6.6e-15 
   6.4e-15 
   6.6e-15 
   8.7e-16 
   1.2e-15 
   9.6e-16 
   1.1e-15 

EFC_AREF
   0.15    
   0.15    
   0.15    
   0.15    
   0.13    
   0.13    
   0.13    
   0.13    
   0.15    
   0.15    
   0.15    
   0.15    
   0.13    
   0.13    
   0.13    
   0.13    
   0.18    
   0.18    
   0.18    
   0.18    
   0.21    
   0.21    
   0.21    
   0.21    
   0.18    
   0.18    
   0.18    
   0.18    
   0.21    
   0.21    
   0.21    
   0.21    
   0.12    
   0.12    
   0.12    
   0.12    
   0.11    
   0.11    
   0.11    
   0.11    
   0.12    
   0.12    
   0.12    
   0.12    
   0.11    
   0.11    
   0.11    
   0.11    
   0.23    
   0.23    
   0.23    
   0.23    
   0.19    
   0.19    
   0.19    
   0.19    
   0.23    
   0.23    
   0.23    
   0.23    
   0.19    
   0.19    
   0.19    
   0.19    

SUBTREE_LINVEL
   0         0         0       
   0         0         0       
   0         0         0       
   0         0         0       
   0         0         0       
   0         0         0       
   0         0         0       
   0         0         0       
   0         0         0       
   0         0         0       
   0         0         0       
   0         0         0       
   0         0         0       
   0         0         0       
   0         0         0       
   0         0         0       
   0         0         0       
   0         0         0       
   0         0         0       

SUBTREE_ANGMOM
   0         0         0       
   0         0         0       
   0         0         0       
   0         0         0       
   0         0         0       
   0         0         0       
   0         0         0       
   0         0         0       
   0         0         0       
   0         0         0       
   0         0         0       
   0         0         0       
   0         0         0       
   0         0         0       
   0         0         0       
   0         0         0       
   0         0         0       
   0         0         0       
   0         0         0       

ACTUATOR_FORCE
   0       
   0       
   0       
   0       
   0       
   0       
   0       
   0       
   0       
   0       
   0       
   0       
   0       
   0       
   0       
   0       

QFRC_ACTUATOR
   0       
   0       
   0       
   0       
   0       
   0       
   0       
   0       
   0       
   0       
   0       
   0       
   0       
   0       
   0       
   0       
   0       
   0       
   0       
   0       
   0       
   0       
   0       

QFRC_SMOOTH
   2.2e-27 
   3.6e-28 
  -8.9e+02 
  -6.2e-15 
   1.8e+02 
  -1.6e-15 
   13      
   3.5e-14 
  -2.7e-15 
  -2.7e-15 
   13      
   3.6e-14 
  -5.3e-15 
  -4.4e-15 
  -1.3e-15 
   13      
  -4.9e-14 
   8.5e-14 
   9.3e-14 
   13      
   3.9e-14 
  -5.3e-14 
  -5.2e-14 

QACC_SMOOTH
   9.8e-18 
   1.4e-18 
  -9.8     
  -3.2e-15 
  -3.6e-15 
  -4.6e-17 
  -7.1e-15 
   1.2e-14 
  -1.4e-14 
  -1.4e-14 
  -6.7e-15 
   1.3e-14 
  -2.8e-14 
  -2.4e-14 
   1.4e-15 
  -1.4e-14 
  -1.9e-14 
   4.8e-13 
   4.9e-13 
   4.4e-15 
   1.6e-14 
  -2.8e-13 
  -2.7e-13 

EFC_B
  -10      
  -10      
  -10      
  -10      
  -9.9     
  -9.9     
  -9.9     
  -9.9     
  -10      
  -10      
  -10      
  -10      
  -9.9     
  -9.9     
  -9.9     
  -9.9     
  -10      
  -10      
  -10      
  -10      
  -10      
  -10      
  -10      
  -10      
  -10      
  -10      
  -10      
  -10      
  -10      
  -10      
  -10      
  -10      
  -9.9     
  -9.9     
  -9.9     
  -9.9     
  -9.9     
  -9.9     
  -9.9     
  -9.9     
  -9.9     
  -9.9     
  -9.9     
  -9.9     
  -9.9     
  -9.9     
  -9.9     
  -9.9     
  -10      
  -10      
  -10      
  -10      
  -10      
  -10      
  -10      
  -10      
  -10      
  -10      
  -10      
  -10      
  -10      
  -10      
  -10      
  -10      

EFC_FORCE
   25      
   25      
   25      
   25      
   21      
   21      
   21      
   21      
   25      
   25      
   25      
   25      
   21      
   21      
   21      
   21      
   9.1     
   9.1     
   9.1     
   9.1     
   9.1     
   9.1     
   9.1     
   9.1     
   9.1     
   9.1     
   9.1     
   9.1     
   9.1     
   9.1     
   9.1     
   9.1     
   15      
   15      
   15      
   15      
   13      
   13      
   13      
   13      
   15      
   15      
   15      
   15      
   13      
   13      
   13      
   13      
   9.1     
   9.1     
   9.1     
   9.1     
   9.1     
   9.1     
   9.1     
   9.1     
   9.1     
   9.1     
   9.1     
   9.1     
   9.1     
   9.1     
   9.1     
   9.1     

EFC_STATE
  1
  1
  1
  1
  1
  1
  1
  1
  1
  1
  1
  1
  1
  1
  1
  1
  1
  1
  1
  1
  1
  1
  1
  1
  1
  1
  1
  1
  1
  1
  1
  1
  1
  1
  1
  1
  1
  1
  1
  1
  1
  1
  1
  1
  1
  1
  1
  1
  1
  1
  1
  1
  1
  1
  1
  1
  1
  1
  1
  1
  1
  1
  1
  1

QFRC_CONSTRAINT
  -1.2e-12 
  -1.4e-12 
   8.9e+02 
   3.5e-13 
  -1.8e+02 
  -5.3e-13 
  -13      
   8.5e-14 
  -5.2e-15 
  -5.1e-15 
  -13      
   1.4e-14 
  -1.4e-14 
  -1.3e-14 
   3.2e-13 
  -13      
   5.5e-12 
  -3.8e-13 
  -3.8e-13 
  -13      
   5.3e-12 
  -5.5e-14 
  -6.2e-14 

QFRC_INVERSE
   0       
   0       
   0       
   0       
   0       
   0       
   0       
   0       
   0       
   0       
   0       
   0       
   0       
   0       
   0       
   0       
   0       
   0       
   0       
   0       
   0       
   0       
   0       

CACC
   0         0         0         0         0         0       
   0         0         0         0         0         0       
   0         0         0         0         0         0       
   0         0         0         0         0         0       
   0         0         0         0         0         0       
   0         0         0         0         0         0       
   0         0         0         0         0         0       
   0         0         0         0         0         0       
   0         0         0         0         0         0       
   0         0         0         0         0         0       
   0         0         0         0         0         0       
   0         0         0         0         0         0       
   0         0         0         0         0         0       
   0         0         0         0         0         0       
   0         0         0         0         0         0       
   0         0         0         0         0         0       
   0         0         0         0         0         0       
   0         0         0         0         0         0       
   0         0         0         0         0         0       

CFRC_INT
   0         0         0         0         0         0       
   0         0         0         0         0         0       
   0         0         0         0         0         0       
   0         0         0         0         0         0       
   0         0         0         0         0         0       
   0         0         0         0         0         0       
   0         0         0         0         0         0       
   0         0         0         0         0         0       
   0         0         0         0         0         0       
   0         0         0         0         0         0       
   0         0         0         0         0         0       
   0         0         0         0         0         0       
   0         0         0         0         0         0       
   0         0         0         0         0         0       
   0         0         0         0         0         0       
   0         0         0         0         0         0       
   0         0         0         0         0         0       
   0         0         0         0         0         0       
   0         0         0         0         0         0       

CFRC_EXT
   0         0         0         0         0         0       
   0         0         0         0         0         0       
   0         0         0         0         0         0       
   0         0         0         0         0         0       
   0         0         0         0         0         0       
   0         0         0         0         0         0       
   0         0         0         0         0         0       
   0         0         0         0         0         0       
   0         0         0         0         0         0       
   0         0         0         0         0         0       
   0         0         0         0         0         0       
   0         0         0         0         0         0       
   0         0         0         0         0         0       
   0         0         0         0         0         0       
   0         0         0         0         0         0       
   0         0         0         0         0         0       
   0         0         0         0         0         0       
   0         0         0         0         0         0       
   0         0         0         0         0         0       

TREE_ISLAND
  0

ISLAND_NTREE
  1

ISLAND_ITREEADR
  0

MAP_ITREE2TREE
  0

DOF_ISLAND            0 0 0 0 0 0 0 0 0 0 0 0 0 0 0 0 0 0 0 0 0 0 0

ISLAND_NV             23

ISLAND_IDOFADR        0

MAP_IDOF2DOF          0 1 2 3 4 5 6 7 8 9 10 11 12 13 14 15 16 17 18 19 20 21 22

EFC_ISLAND            0 0 0 0 0 0 0 0 0 0 0 0 0 0 0 0 0 0 0 0 0 0 0 0 0 0 0 0 0 0 0 0 0 0 0 0 0 0 0 0 0 0 0 0 0 0 0 0 0 0 0 0 0 0 0 0 0 0 0 0 0 0 0 0

ISLAND_NEFC           64

ISLAND_IEFCADR        0

MAP_IEFC2EFC          0 1 2 3 4 5 6 7 8 9 10 11 12 13 14 15 16 17 18 19 20 21 22 23 24 25 26 27 28 29 30 31 32 33 34 35 36 37 38 39 40 41 42 43 44 45 46 47 48 49 50 51 52 53 54 55 56 57 58 59 60 61 62 63

